,Date,Rainfall [mm],Air Temperature [C],Wind Speed [m/s],Relative Humidity (%),Solar Radiation [MJ/m^2],,Water Surface Temperature [C],NDTI,pH,COD (mg/L),BOD (mg/L),TSS,Oil & Grease (mg/L),Ammonical Nitrogen (mg/L),NDCI
0,2020-01-01,0,10.62094205,1.809638481,72.977856,,13395416,14.04234973,-0.02891,7.8,1120,330,500,26.4,221,0.0716
1,2020-01-02,0,14.0490935,2.256784863,74.38543424,,13285615.5,16.35355972,-0.02869,7.8,1120,330,500,26.4,221,0.0722
2,2020-01-03,2.208221555,14.43082517,0.5085446685,75.774544,,12764878.25,17.2187744,-0.02846,7.8,1120,330,500,26.4,221,0.0728
3,2020-01-04,0,13.75128771,1.296588243,73.47793957,,12650305.75,17.33604215,-0.02823,7.8,1120,330,500,26.4,221,0.0734
4,2020-01-05,0,14.16736946,2.172828153,68.96907113,,14080280.75,17.45330991,-0.028,7.8,1120,330,500,26.4,221,0.074
5,2020-01-06,21.99834983,13.86316007,1.248824155,74.28589134,,7396245.5,17.03424668,-0.0228,7.8,1120,330,500,26.4,221,0.0644
6,2020-01-07,3.030420184,14.73510958,2.335140393,84.53724932,,8573098.25,16.61518345,-0.0176,7.8,1120,330,500,26.4,221,0.0548
7,2020-01-08,0,12.2173687,0.7579593294,89.63748182,,4972159.25,16.19612022,-0.0124,7.8,1120,330,500,26.4,221,0.0452
8,2020-01-09,0,10.25576681,3.036283237,73.94690784,,14995890.75,15.77705699,-0.0072,7.8,1120,330,500,26.4,221,0.0356
9,2020-01-10,0,10.91692505,3.090784585,72.5729768,,15272597.5,15.35799375,-0.002,7.8,1120,330,500,26.4,221,0.026
10,2020-01-11,0,11.53279711,2.423804064,69.60794319,,13508478.25,16.6587744,-0.015,7.8,1120,330,500,26.4,221,0.0254
11,2020-01-12,0,12.671359,0.9841053526,70.70827827,,14810589.25,17.27154567,-0.028,7.8,1120,330,500,26.4,221,0.0248
12,2020-01-13,2.236102045,15.31237501,1.161076476,80.91241882,,11642695,17.1432969,-0.041,7.8,1120,330,500,26.4,221,0.0242
13,2020-01-14,0,13.58158773,1.99002097,85.67790793,,8126889.5,17.01504814,-0.054,7.8,1120,330,500,26.4,221,0.0236
14,2020-01-15,0,13.89441325,1.777459613,73.04907337,,14196250.75,16.88679938,-0.067,7.8,1120,330,500,26.4,221,0.023
15,2020-01-16,2.534645319,13.16430435,2.097214971,84.86577657,,9592423,16.19049805,-0.0663,7.8,1120,330,500,26.4,221,0.0212
16,2020-01-17,0,12.8945315,1.46138999,86.59760331,,9854155.5,15.49419672,-0.0656,7.8,1120,330,500,26.4,221,0.0194
17,2020-01-18,0,12.10045904,1.42737221,84.52000602,,10210212.75,15.21145043,-0.0649,7.8,1120,330,500,26.4,221,0.0176
18,2020-01-19,0,11.77126083,2.450958085,82.82091614,,14730685.75,14.92870414,-0.0642,7.8,1120,330,500,26.4,221,0.0158
19,2020-01-20,0,12.28928274,1.709091565,82.30074001,,12960310,15.51346084,-0.0635,7.8,1120,330,500,26.4,221,0.014
20,2020-01-21,0,12.92242521,0.828906965,80.95117376,,14287186.5,16.09821754,-0.0628,7.8,1120,330,500,26.4,221,0.0122
21,2020-01-22,0,13.17443364,3.054617218,77.321424,,15725429.5,16.68297424,-0.0621,7.8,1120,330,500,26.4,221,0.0104
22,2020-01-23,2.566428602,12.65393664,4.452138283,61.50383115,,16525265.25,17.28766587,-0.0614,7.8,1120,330,500,26.4,221,0.0086
23,2020-01-24,0,12.69128888,3.76502338,59.31680059,,16660510.75,15.9480484,-0.0607,7.8,1120,330,500,26.4,221,0.0068
24,2020-01-25,0,12.38391457,1.594520692,72.66121862,,16243384.5,18.60261514,-0.06,7.8,1120,330,500,26.4,221,0.005
25,2020-01-26,0,14.01824786,1.809164024,76.14234057,,15999165,18.22150664,-0.0602,7.8,1120,330,500,26.4,221,0.0108
26,2020-01-27,0,14.95951042,2.132746719,74.72880225,,11542995.25,18.17773354,-0.0604,7.8,1120,330,500,26.4,221,0.0166
27,2020-01-28,0,14.56656672,2.044149154,84.88419936,,11385680.5,18.13396045,-0.0606,7.8,1120,330,500,26.4,221,0.0224
28,2020-01-29,0,12.89215368,1.856648283,79.17904165,,12958743.25,18.09018735,-0.0608,7.8,1120,330,500,26.4,221,0.0282
29,2020-01-30,0,12.91028875,3.147626826,71.42735738,,16429362.25,17.71396483,-0.061,7.8,1120,330,500,26.4,221,0.034
30,2020-01-31,0,12.11140594,1.976353205,74.97399334,,16292031.25,17.98336456,-0.055,7.8,1120,330,500,26.4,221,0.0324
31,2020-02-01,0,12.24197731,1.81701473,72.65632317,,16017287.5,16.83997658,-0.049,7.8,1120,330,500,26.4,221,0.0308
32,2020-02-02,0,12.18245786,2.845120196,74.4640043,,17399877,17.87441842,-0.043,7.8,1120,330,500,26.4,221,0.0292
33,2020-02-03,0,12.49901416,1.299779287,71.43701556,,17628301.75,19.14623731,-0.037,7.8,1120,330,500,26.4,221,0.0276
34,2020-02-04,0,12.83560905,1.040071937,72.10799186,,17239205.5,17.60968774,-0.031,7.8,1120,330,500,26.4,221,0.026
35,2020-02-05,0,13.15429141,2.90244672,70.40633146,,17097811.75,19.41565183,-0.0322,7.8,1120,330,500,26.4,221,0.0182
36,2020-02-06,0,11.9361702,0.8948101555,71.03172107,,17716564.5,18.42389539,-0.0334,7.8,1120,330,500,26.4,221,0.0104
37,2020-02-07,0,12.53368467,1.856915917,68.70019006,,15899384.75,18.30862607,-0.0346,7.8,1120,330,500,26.4,221,0.0026
38,2020-02-08,0,12.69308243,2.31312862,70.82773385,,18033161.5,17.31096799,-0.0358,7.8,1120,330,500,26.4,221,-0.0052
39,2020-02-09,0,13.21234856,2.036692258,69.22438387,,18323966.75,18.91251366,-0.037,7.8,1120,330,500,26.4,221,-0.013
40,2020-02-10,0,13.20094515,2.078863726,68.83005989,,18548078.25,18.2828025,-0.0358,7.8,1120,330,500,26.4,221,-0.0082
41,2020-02-11,0,13.68181445,2.136909603,67.7122657,,18573563.75,19.91001561,-0.0346,7.8,1120,330,500,26.4,221,-0.0034
42,2020-02-12,0,16.78157578,3.824779382,61.49938953,,18151447.5,19.99129586,-0.0334,7.8,1120,330,500,26.4,221,0.0014
43,2020-02-13,0,19.3681516,4.572538709,58.60182862,,18253070.25,21.48898517,-0.0322,7.8,1120,330,500,26.4,221,0.0062
44,2020-02-14,0,17.82064781,4.984336479,50.86986451,,19133412.75,21.95697892,-0.031,7.8,1120,330,500,26.4,221,0.011
45,2020-02-15,0,17.15005582,3.877826427,48.00081366,,19414172.63,21.74010148,-0.0353,7.8,1120,330,500,26.4,221,0.015
46,2020-02-16,0,16.67586225,2.518343513,58.7262558,,19539298.63,22.7201171,-0.0396,7.8,1120,330,500,26.4,221,0.019
47,2020-02-17,0,17.22818464,3.158937366,50.7479933,,19601200.5,22.879274,-0.0439,7.8,1120,330,500,26.4,221,0.023
48,2020-02-18,0,17.76725159,2.389092104,46.52903267,,19879647.5,22.68022639,-0.0482,7.8,1120,330,500,26.4,221,0.027
49,2020-02-19,0,18.55533625,3.903972834,55.14234985,,17584425.13,20.97060056,-0.0525,7.8,1120,330,500,26.4,221,0.031
50,2020-02-20,12.63836871,19.92700411,3.714069251,64.95514295,,18356900.5,19.26097473,-0.0568,7.8,1120,330,500,26.4,221,0.035
51,2020-02-21,0,15.86449649,3.111859301,89.37726042,,4811064.875,19.65038198,-0.0611,7.8,1120,330,500,26.4,221,0.039
52,2020-02-22,0,17.41678327,1.369694412,81.28352476,,13538780.13,20.03978923,-0.0654,7.8,1120,330,500,26.4,221,0.043
53,2020-02-23,0,17.44776433,1.556710855,80.67564573,,17349937.25,22.98595628,-0.0697,7.8,1120,330,500,26.4,221,0.047
54,2020-02-24,0,17.79723384,2.16191055,74.53932871,,18077964,23.16995316,-0.074,7.8,1120,330,500,26.4,221,0.051
55,2020-02-25,0,18.10584984,2.074756483,72.58354043,,19397482.38,22.46094457,-0.0722,7.8,1120,330,500,26.4,221,0.04973
56,2020-02-26,0,18.18057849,0.5086269645,71.94478055,,19063766.88,22.53260734,-0.0704,7.8,1120,330,500,26.4,221,0.04847
57,2020-02-27,1.693150277,19.16478055,1.869504172,74.22065609,,17930428.5,22.6042701,-0.0686,7.8,1120,330,500,26.4,221,0.0472
58,2020-02-28,0,20.33104159,3.518132464,73.85549768,,15994585.25,22.67593286,-0.0668,7.8,1120,330,500,26.4,221,0.04593
59,2020-02-29,7.653997451,18.42295354,2.512470076,85.32968629,,11919106.12,22.74759563,-0.065,7.8,1120,330,500,26.4,221,0.04467
60,2020-03-01,0,19.10480207,0.920448818,78.2586725,,17330283.25,22.81925839,-0.0632,5.8,592,194,370,28.4,221,0.0434
61,2020-03-02,0,19.41909752,1.127286246,77.05885752,,19357338,22.73814988,-0.0614,5.8,592,194,370,28.4,221,0.04213
62,2020-03-03,0,19.52015521,1.444589711,66.51982801,,20259855.84,25.60063232,-0.0596,5.8,592,194,370,28.4,221,0.04087
63,2020-03-04,0,19.01330592,1.492706141,75.35534286,,18479047.35,23.51582467,-0.0578,5.8,592,194,370,28.4,221,0.0396
64,2020-03-05,19.41217915,17.67067553,2.569543505,83.24430372,,18101138.32,21.43101703,-0.056,5.8,592,194,370,28.4,221,0.03833
65,2020-03-06,0,15.79313749,4.341476847,89.52121767,,9382604.313,19.34620939,-0.0542,5.8,592,194,370,28.4,221,0.03707
66,2020-03-07,0,16.29318835,1.128310224,80.034072,,15312614.44,21.05624677,-0.0524,5.8,592,194,370,28.4,221,0.0358
67,2020-03-08,0,16.71152077,2.37505208,73.69967352,,20473611.13,22.76628415,-0.0506,5.8,592,194,370,28.4,221,0.03453
68,2020-03-09,0,16.98876915,3.432340542,64.52426456,,22677370.81,23.64172521,-0.0488,5.8,592,194,370,28.4,221,0.03327
69,2020-03-10,0,17.84225108,0.7060180038,64.43790618,,22220492.19,24.14150664,-0.047,5.8,592,194,370,28.4,221,0.032
70,2020-03-11,0,19.47799009,3.833768351,73.61657864,,17581069.94,22.67710128,-0.049,5.8,592,194,370,28.4,221,0.0338
71,2020-03-12,0,19.77454783,2.822138704,65.49754217,,20125274.06,22.50886027,-0.051,5.8,592,194,370,28.4,221,0.0356
72,2020-03-13,0,18.06284294,1.86520788,74.39814242,,21318256.44,22.10411397,-0.053,5.8,592,194,370,28.4,221,0.0374
73,2020-03-14,19.70088909,15.62484639,0.2850760223,85.5916339,,14321775.69,17.87,-0.055,5.8,592,194,370,28.4,221,0.0392
74,2020-03-15,0,15.91568082,1.345128139,73.87059798,,18082046.19,20.99505855,-0.057,5.8,592,194,370,28.4,221,0.041
75,2020-03-16,0,18.48250923,2.485183265,71.15805917,,21509850.06,23.85006245,-0.0517,5.8,592,194,370,28.4,221,0.0405
76,2020-03-17,0,19.36530902,2.816199988,65.886857,,23327623.69,25.66205308,-0.0464,5.8,592,194,370,28.4,221,0.04
77,2020-03-18,0,20.69152095,2.394607997,68.08893924,,22924701.38,26.68501952,-0.0411,5.8,592,194,370,28.4,221,0.0395
78,2020-03-19,0,21.19146182,0.8544026457,67.80094153,,22258132.06,25.92247463,-0.0358,5.8,592,194,370,28.4,221,0.039
79,2020-03-20,0.4937163492,22.41735357,1.097461515,65.4443678,,21002610.13,25.96726634,-0.0305,5.8,592,194,370,28.4,221,0.0385
80,2020-03-21,0,21.86211548,0.961662055,72.15704042,,21414266.5,26.01205805,-0.0252,5.8,592,194,370,28.4,221,0.038
81,2020-03-22,0,22.53642362,1.626789792,62.49624105,,23051732.25,27.77149883,-0.0199,5.8,592,194,370,28.4,221,0.0375
82,2020-03-23,0,22.76312027,0.7788930628,62.22466571,,23223428,29.2973224,-0.0146,5.8,592,194,370,28.4,221,0.037
83,2020-03-24,5.656763812,22.95461871,0.4199462521,70.42552814,,19067935.63,30.09667447,-0.0093,5.8,592,194,370,28.4,221,0.0365
84,2020-03-25,0,23.59514961,2.509777448,58.42593244,,22170693.5,30.89602654,-0.004,5.8,592,194,370,28.4,221,0.036
85,2020-03-26,0,23.05886485,3.089895984,62.51156471,,15312195.88,29.8418241,-0.0142,5.8,592,194,370,28.4,221,0.0334
86,2020-03-27,0,20.68599981,0.189619657,78.09507392,,12573441.37,28.78762165,-0.0244,5.8,592,194,370,28.4,221,0.0308
87,2020-03-28,0,21.04750786,2.751793255,68.23897477,,23992794.63,27.7334192,-0.0346,5.8,592,194,370,28.4,221,0.0282
88,2020-03-29,0,21.95827255,3.655168378,54.4988147,,24078325.13,27.95021858,-0.0448,5.8,592,194,370,28.4,221,0.0256
89,2020-03-30,0,21.87002207,3.130389436,56.07679267,,24589600.75,29.20352069,-0.055,5.8,592,194,370,28.4,221,0.023
90,2020-03-31,0,23.14257202,2.126577793,56.57591709,,22109967.63,27.37117096,-0.057,5.8,592,194,370,28.4,221,0.026
91,2020-04-01,0,23.85609779,2.279084747,53.40353041,,22991621.13,29.68236534,-0.059,5.8,592,194,370,28.4,221,0.029
92,2020-04-02,0,22.85669352,3.479247581,46.29509746,,25220254.63,29.92481655,-0.061,5.8,592,194,370,28.4,221,0.032
93,2020-04-03,0,21.8900327,2.996311383,46.37544343,,26034342.38,30.51123341,-0.063,5.8,592,194,370,28.4,221,0.035
94,2020-04-04,0,22.9981444,2.622939886,48.07555818,,25766798.5,30.60786105,-0.065,5.8,592,194,370,28.4,221,0.038
95,2020-04-05,0,24.85830714,1.179072148,48.47580706,,24700092,28.81112412,-0.06547,5.8,592,194,370,28.4,221,0.0416
96,2020-04-06,0,25.97317594,2.449039337,39.30423808,,24952103.25,33.24572209,-0.06593,5.8,592,194,370,28.4,221,0.0452
97,2020-04-07,2.431790148,25.08087502,2.992305089,43.54064398,,25003670,27.22142091,-0.0664,5.8,592,194,370,28.4,221,0.0488
98,2020-04-08,0,24.70855865,2.938358928,44.14341186,,25237079.38,29.90278689,-0.06687,5.8,592,194,370,28.4,221,0.0524
99,2020-04-09,0,24.57257169,2.377955469,45.1335689,,26134506.63,23.59309469,-0.06733,5.8,592,194,370,28.4,221,0.056
100,2020-04-10,0,26.21798668,1.255279047,45.45082829,,24095445.38,27.18423592,-0.0678,5.8,592,194,370,28.4,221,0.0596
101,2020-04-11,0,27.46961492,2.134598997,42.48122482,,25670106.25,33.29638564,-0.06827,5.8,592,194,370,28.4,221,0.0632
102,2020-04-12,0,27.55760345,2.664678186,42.15256504,,25889002.75,32.18274622,-0.06873,5.8,592,194,370,28.4,221,0.0668
103,2020-04-13,0,29.18299637,2.485719056,39.70636289,,25055079.25,31.0691068,-0.0692,5.8,592,194,370,28.4,221,0.0704
104,2020-04-14,0,29.69027227,1.474628265,41.58379428,,23423666.25,29.95546738,-0.06967,5.8,592,194,370,28.4,221,0.074
105,2020-04-15,0,28.78350283,1.220023381,42.97740358,,22840172.25,28.84182796,-0.07013,5.8,592,194,370,28.4,221,0.0776
106,2020-04-16,0,29.92520167,2.566332814,31.29472627,,25066450.75,34.14584699,-0.0706,5.8,592,194,370,28.4,221,0.0812
107,2020-04-17,0,28.74619637,2.120939795,36.94505916,,21291952.25,31.24698207,-0.07107,5.8,592,194,370,28.4,221,0.0848
108,2020-04-18,3.152709931,28.14663531,1.367499429,40.42085436,,24169398.63,28.34811715,-0.07153,5.8,592,194,370,28.4,221,0.0884
109,2020-04-19,0,27.54795926,2.558183237,37.59250513,,25259941.63,21.01115068,-0.072,5.8,592,194,370,28.4,221,0.092
110,2020-04-20,3.152709931,25.96990929,0.2014549653,47.8641945,,21287460.63,26.68941219,-0.0754,5.8,592,194,370,28.4,221,0.0958
111,2020-04-21,0,26.04375356,0.889904672,47.36958529,,25616670.25,32.36767369,-0.0788,5.8,592,194,370,28.4,221,0.0996
112,2020-04-22,0,27.44116872,0.6959699263,38.30444568,,26561328.5,34.04676815,-0.0822,5.8,592,194,370,28.4,221,0.1034
113,2020-04-23,0,28.05314789,2.078956063,37.83271709,,21308290.88,34.189758,-0.0856,5.8,592,194,370,28.4,221,0.1072
114,2020-04-24,0,28.70812378,0.7336884652,38.70375721,,24317268.75,34.33274785,-0.089,5.8,592,194,370,28.4,221,0.111
115,2020-04-25,0,28.00363757,1.823563092,46.13067516,,22860875.88,33.10238013,-0.0894,5.8,592,194,370,28.4,221,0.108
116,2020-04-26,0,26.22429873,3.607486833,64.0318615,,22380409,31.8720124,-0.0898,5.8,592,194,370,28.4,221,0.105
117,2020-04-27,0,24.33470879,3.445919815,74.22888832,,20272033.13,30.64164468,-0.0902,5.8,592,194,370,28.4,221,0.102
118,2020-04-28,0,26.45591125,0.9063888788,63.74083495,,23285956.63,28.61419459,-0.0906,5.8,592,194,370,28.4,221,0.099
119,2020-04-29,0,28.07422536,1.32333516,56.53875524,,24974641.63,33.27557377,-0.091,5.8,592,194,370,28.4,221,0.096
120,2020-04-30,6.584755679,28.10727908,1.347350987,57.23238072,,24824835.75,32.85407494,-0.0859,5.8,592,194,370,28.4,221,0.0959
121,2020-05-01,0,29.05368131,1.61725556,55.54925843,,26371394.5,35.51924278,-0.0808,8.2,420,138,269,24.8,42.2,0.0958
122,2020-05-02,3.58768856,29.34122747,3.977668086,57.145754,,25969946,29.65583919,-0.0757,8.2,420,138,269,24.8,42.2,0.0957
123,2020-05-03,14.35075424,28.96078199,2.634573874,57.30018332,,20202598.63,30.92479573,-0.0706,8.2,420,138,269,24.8,42.2,0.0956
124,2020-05-04,0,27.95833295,1.323953604,60.31907012,,24593703.25,32.19375228,-0.0655,8.2,420,138,269,24.8,42.2,0.0955
125,2020-05-05,0,28.30366033,0.365679586,50.40631711,,25682763.13,33.46270882,-0.0604,8.2,420,138,269,24.8,42.2,0.0954
126,2020-05-06,0,27.88711192,1.585226545,48.63097807,,25839371.88,24.85024096,-0.0553,8.2,420,138,269,24.8,42.2,0.0953
127,2020-05-07,0,28.78358612,1.229606782,41.64078903,,27341628.5,32.43062451,-0.0502,8.2,420,138,269,24.8,42.2,0.0952
128,2020-05-08,0,30.01509628,0.8452013088,41.38605133,,27180818.75,36.28387978,-0.0451,8.2,420,138,269,24.8,42.2,0.0951
129,2020-05-09,2.604054004,30.31603203,1.86131479,48.74270998,,26604653.5,33.17049961,-0.04,8.2,420,138,269,24.8,42.2,0.095
130,2020-05-10,5.208108008,29.21140124,3.092897677,58.85906335,,24885309.25,31.75176634,-0.0442,8.2,420,138,269,24.8,42.2,0.0968
131,2020-05-11,0,29.02227872,2.114907425,57.3174043,,24570045.88,30.33303307,-0.0484,8.2,420,138,269,24.8,42.2,0.0986
132,2020-05-12,0,29.26641998,1.45997811,55.73674504,,25114384,30.14717167,-0.0526,8.2,420,138,269,24.8,42.2,0.1004
133,2020-05-13,0,29.59079577,0.6093252471,54.23144574,,23020790.5,29.96131027,-0.0568,8.2,420,138,269,24.8,42.2,0.1022
134,2020-05-14,1.65432852,29.6247097,0.8818603667,56.18631318,,26350574,29.77544887,-0.061,8.2,420,138,269,24.8,42.2,0.104
135,2020-05-15,0,30.92944107,3.087507661,37.12960143,,27122401.25,34.57412178,-0.063,8.2,420,138,269,24.8,42.2,0.1081
136,2020-05-16,0,30.59558258,3.080843826,32.80457628,,28237656.75,37.01034348,-0.065,8.2,420,138,269,24.8,42.2,0.1122
137,2020-05-17,0,31.14572169,1.922695867,31.1272219,,26578885.75,38.91424668,-0.067,8.2,420,138,269,24.8,42.2,0.1163
138,2020-05-18,0,30.73996506,2.525044012,24.68472405,,28381661.5,34.86845433,-0.069,8.2,420,138,269,24.8,42.2,0.1204
139,2020-05-19,0,31.01659673,2.476664257,20.54095785,,27575283.5,36.49532397,-0.071,8.2,420,138,269,24.8,42.2,0.1245
140,2020-05-20,0,30.80979881,3.473011504,23.65425816,,28816855.5,36.90619048,-0.073,8.2,420,138,269,24.8,42.2,0.1286
141,2020-05-21,0,32.03220901,3.397098866,23.78351173,,28941987.75,38.67051522,-0.075,8.2,420,138,269,24.8,42.2,0.1327
142,2020-05-22,0.01371261788,33.20089175,0.2711445981,28.23687051,,28349023.25,39.58854801,-0.077,8.2,420,138,269,24.8,42.2,0.1368
143,2020-05-23,0,33.52198499,0.7512345124,34.55846982,,26325634.75,31.29512635,-0.079,8.2,420,138,269,24.8,42.2,0.1409
144,2020-05-24,0.1296476573,34.45258675,2.71017588,25.63924326,,27946155,38.92864169,-0.081,8.2,420,138,269,24.8,42.2,0.145
145,2020-05-25,0.418828108,34.92936478,2.635021483,22.3603736,,28296362.5,38.92545667,-0.0854,8.2,420,138,269,24.8,42.2,0.1507
146,2020-05-26,0,35.52615954,1.50979968,22.8234764,,27473852.25,40.88594067,-0.0898,8.2,420,138,269,24.8,42.2,0.1564
147,2020-05-27,0,34.82593689,1.05867808,28.70072821,,27161647.5,37.79757221,-0.0942,8.2,420,138,269,24.8,42.2,0.1621
148,2020-05-28,0,32.54863828,4.508186245,46.41364129,,25281976.25,34.57138322,-0.0986,8.2,420,138,269,24.8,42.2,0.1678
149,2020-05-29,18.27464473,29.43085823,3.906449069,58.39859372,,24111678.75,31.34519423,-0.103,8.2,420,138,269,24.8,42.2,0.1735
150,2020-05-30,0,26.96866315,2.782463876,71.00497689,,20014103.75,28.11900524,-0.1074,8.2,420,138,269,24.8,42.2,0.1792
151,2020-05-31,0,27.20501798,1.256226041,68.60765088,,22349351,29.92168339,-0.1118,8.2,420,138,269,24.8,42.2,0.1849
152,2020-06-01,0.2143321615,28.30675723,1.019004769,62.55717757,,26813996.5,31.72436155,-0.1162,8.2,420,138,269,24.8,42.2,0.1906
153,2020-06-02,0.4680818257,28.90284564,0.7135466673,60.79508581,,25363005.5,33.52703971,-0.1206,8.2,420,138,269,24.8,42.2,0.1963
154,2020-06-03,0.1653807727,29.52577871,0.804775486,56.94114954,,24812922.5,32.47374656,-0.125,8.2,420,138,269,24.8,42.2,0.202
155,2020-06-04,16.14144721,28.69261894,1.275699957,61.83995042,,18073258.5,32.44951575,-0.1284,8.2,420,138,269,24.8,42.2,0.1984
156,2020-06-05,0.8416706696,28.14165014,0.8719235141,65.06342785,,24061074.75,32.42528493,-0.1318,8.2,420,138,269,24.8,42.2,0.1948
157,2020-06-06,0,29.31669579,0.6993429718,59.04762582,,25193564.25,30.260242,-0.1352,8.2,420,138,269,24.8,42.2,0.1912
158,2020-06-07,0,29.73110097,0.7065736688,63.01993221,,25272875.75,30.50566745,-0.1386,8.2,420,138,269,24.8,42.2,0.1876
159,2020-06-08,0,31.01050466,0.9887228946,56.87515187,,25176561.5,30.7510929,-0.142,8.2,420,138,269,24.8,42.2,0.184
160,2020-06-09,0,32.32166443,1.687125938,52.20091528,,23980627,35.63565183,-0.1258,8.2,420,138,269,24.8,42.2,0.1638
161,2020-06-10,10.13521552,33.13917376,1.47262441,52.14142807,,24859478,32.10209992,-0.1096,8.2,420,138,269,24.8,42.2,0.1436
162,2020-06-11,0.1818808227,32.97907664,1.323206721,55.0154605,,24689952.25,34.08617486,-0.0934,8.2,420,138,269,24.8,42.2,0.1234
163,2020-06-12,0.185278077,33.87315521,1.712999016,50.88619731,,24631868.5,32.22238095,-0.0772,8.2,420,138,269,24.8,42.2,0.1032
164,2020-06-13,17.50386558,32.7821092,2.072803018,59.45562159,,21022099,30.82861013,-0.061,8.2,420,138,269,24.8,42.2,0.083
165,2020-06-14,0.4110232356,33.06275902,0.8888629933,55.99489931,,21434203,33.85232631,-0.0638,8.2,420,138,269,24.8,42.2,0.102
166,2020-06-15,0.02302464913,34.12146784,0.2606701419,42.9412221,,26036467.5,32.53023419,-0.0666,8.2,420,138,269,24.8,42.2,0.121
167,2020-06-16,0,34.10492477,1.489472639,45.26007376,,23810877,34.82629977,-0.0694,8.2,420,138,269,24.8,42.2,0.14
168,2020-06-17,0,33.7554985,2.168151012,49.92241408,,26104477.5,31.47448087,-0.0722,8.2,420,138,269,24.8,42.2,0.159
169,2020-06-18,0,34.54377454,1.968344634,48.5143678,,26252248.25,36.98419204,-0.075,8.2,420,138,269,24.8,42.2,0.178
170,2020-06-19,0,34.93308411,1.449986776,50.80039539,,25091980.5,34.13747305,-0.07487,8.2,420,138,269,24.8,42.2,0.17167
171,2020-06-20,0,33.98350169,0.6384414989,53.32589778,,22678888.5,31.29075407,-0.07473,8.2,420,138,269,24.8,42.2,0.16533
172,2020-06-21,0,32.90344264,1.155465145,56.42770628,,24702335.75,28.44403509,-0.0746,8.2,420,138,269,24.8,42.2,0.159
173,2020-06-22,0,32.23929621,1.407467892,57.32362417,,22849991,31.56883357,-0.07447,8.2,420,138,269,24.8,42.2,0.15267
174,2020-06-23,0,30.31677081,3.487509578,70.03168289,,21026969.25,32.03720052,-0.07433,8.2,420,138,269,24.8,42.2,0.14633
175,2020-06-24,0,29.53361155,2.597764427,76.44761411,,16734804.5,32.50556747,-0.0742,8.2,420,138,269,24.8,42.2,0.14
176,2020-06-25,0,31.86365407,0.3157684322,66.11511318,,23830987,32.97393443,-0.07407,8.2,420,138,269,24.8,42.2,0.13367
177,2020-06-26,0,32.34131139,2.729892388,62.16325078,,19348427.75,31.85229508,-0.07393,8.2,420,138,269,24.8,42.2,0.12733
178,2020-06-27,0,33.30716476,2.889305705,57.120316,,21797366.25,30.73065574,-0.0738,8.2,420,138,269,24.8,42.2,0.121
179,2020-06-28,0,34.80461718,2.382465302,50.25548051,,21561178.75,29.60901639,-0.07367,8.2,420,138,269,24.8,42.2,0.11467
180,2020-06-29,17.15531882,32.5802475,2.314408655,62.26316249,,21881756.75,30.51302498,-0.07353,8.2,420,138,269,24.8,42.2,0.10833
181,2020-06-30,0,31.5684995,2.646390595,64.64040309,,21077488.75,31.41703357,-0.0734,8.2,420,138,269,24.8,42.2,0.102
182,2020-07-01,11.53051305,32.70993004,1.483683196,59.40263678,,23845863.5,32.32104215,-0.07327,7.1,184,60,152,28.4,98,0.09567
183,2020-07-02,0,34.58057429,0.8145367381,53.73509869,,23641353.25,33.22505074,-0.07313,7.1,184,60,152,28.4,98,0.08933
184,2020-07-03,32.85579205,33.92048353,2.710950403,59.98963374,,23863183.25,32.95213449,-0.073,7.1,184,60,152,28.4,98,0.083
185,2020-07-04,9.794764598,31.01933823,3.758262637,69.70977226,,19447602,32.67921824,-0.072,7.1,184,60,152,28.4,98,0.0867
186,2020-07-05,10.66263882,30.49411608,2.791298939,66.5423193,,16841143,32.406302,-0.071,7.1,184,60,152,28.4,98,0.0904
187,2020-07-06,0,30.72850507,2.949426956,67.98908286,,22383333.63,32.13338575,-0.07,7.1,184,60,152,28.4,98,0.0941
188,2020-07-07,0,28.11233292,4.147790234,79.34059698,,15078995.38,31.8604695,-0.069,7.1,184,60,152,28.4,98,0.0978
189,2020-07-08,13.35766891,28.7704731,2.571824688,81.93593026,,13656424.5,31.58755325,-0.068,7.1,184,60,152,28.4,98,0.1015
190,2020-07-09,0,30.14469109,1.680786217,76.45375016,,14508448,31.314637,-0.067,7.1,184,60,152,28.4,98,0.1052
191,2020-07-10,14.1737087,32.59294408,2.978269408,61.45737862,,21107981,30.23405152,-0.066,7.1,184,60,152,28.4,98,0.1089
192,2020-07-11,8.468970935,32.01368866,2.229747351,63.61398768,,21520047.13,29.15346604,-0.065,7.1,184,60,152,28.4,98,0.1126
193,2020-07-12,0,30.01622416,2.148805,72.42902527,,18626365.25,31.59455894,-0.064,7.1,184,60,152,28.4,98,0.1163
194,2020-07-13,0,31.90194028,2.10226686,64.26927831,,22451888.25,34.03565183,-0.063,7.1,184,60,152,28.4,98,0.12
195,2020-07-14,0,32.40595207,0.6482950191,63.92105862,,22102056.25,33.481252,-0.06335,7.1,184,60,152,28.4,98,0.1186
196,2020-07-15,0,30.46451594,3.546835352,71.53533781,,19752295,32.92685216,-0.0637,7.1,184,60,152,28.4,98,0.1172
197,2020-07-16,3.908430104,30.50173976,3.223237538,72.06112202,,19986217.38,32.37245232,-0.06405,7.1,184,60,152,28.4,98,0.1158
198,2020-07-17,8.299219787,30.56029409,2.662749983,74.98133157,,18535856.63,31.81805249,-0.0644,7.1,184,60,152,28.4,98,0.1144
199,2020-07-18,2.49864761,30.87522087,1.802813516,75.42174088,,18661141.5,31.26365265,-0.06475,7.1,184,60,152,28.4,98,0.113
200,2020-07-19,7.159994493,29.6033385,2.3809786,80.32130521,,13575151.25,30.70925281,-0.0651,7.1,184,60,152,28.4,98,0.1116
201,2020-07-20,28.80936805,28.90209923,1.414065563,80.61663455,,15139572.62,30.15485298,-0.06545,7.1,184,60,152,28.4,98,0.1102
202,2020-07-21,21.81713363,27.80143509,0.2788288389,84.89965928,,15684218.25,29.60045314,-0.0658,7.1,184,60,152,28.4,98,0.1088
203,2020-07-22,10.90856681,26.28997383,2.575765703,86.66071581,,12109530.38,29.0460533,-0.06615,7.1,184,60,152,28.4,98,0.1074
204,2020-07-23,0,29.18411471,0.3390513225,75.34838685,,22354993.63,28.49165347,-0.0665,7.1,184,60,152,28.4,98,0.106
205,2020-07-24,0,29.25110524,2.000090101,75.54415671,,20573663,27.93725363,-0.06685,7.1,184,60,152,28.4,98,0.1046
206,2020-07-25,0,28.94769694,2.389480477,80.4590314,,19418470.88,27.38285379,-0.0672,7.1,184,60,152,28.4,98,0.1032
207,2020-07-26,0,29.74252853,0.3200050551,78.0429716,,18500884.63,30.02678599,-0.06755,7.1,184,60,152,28.4,98,0.1018
208,2020-07-27,0,30.72473679,2.729786374,72.87887097,,19901382.13,32.67071819,-0.0679,7.1,184,60,152,28.4,98,0.1004
209,2020-07-28,20.95362234,31.18472061,2.089197652,70.67942579,,20940184.63,31.88196461,-0.06825,7.1,184,60,152,28.4,98,0.099
210,2020-07-29,33.0207969,29.85768979,1.199126489,75.03339559,,17722876.88,31.09321103,-0.0686,7.1,184,60,152,28.4,98,0.0976
211,2020-07-30,0,28.78811989,1.636306667,80.36641742,,17381755.5,30.30445746,-0.06895,7.1,184,60,152,28.4,98,0.0962
212,2020-07-31,3.626726747,29.58556328,0.3307908972,80.03259953,,19612331,29.51570388,-0.0693,7.1,184,60,152,28.4,98,0.0948
213,2020-08-01,7.913675149,29.30133781,0.5489393525,81.85142598,,14998797.5,28.7269503,-0.06965,7.2,268,88,176,20,578,0.0934
214,2020-08-02,3.931368887,30.84061012,1.526065644,73.49975799,,21083220.13,27.93819672,-0.07,7.2,268,88,176,20,578,0.092
215,2020-08-03,2.937975168,31.27508062,1.294309968,72.67671896,,19772216.25,27.61730582,-0.07195,7.2,268,88,176,20,578,0.09528
216,2020-08-04,0,31.15462964,0.527367315,75.45810936,,19746794.38,27.29641492,-0.0739,7.2,268,88,176,20,578,0.09855
217,2020-08-05,15.8273503,29.78906021,2.26366275,79.55420895,,14333439.38,26.97552402,-0.07585,7.2,268,88,176,20,578,0.10182
218,2020-08-06,0,30.76813405,6.037207999,68.42708118,,21531122.75,26.65463313,-0.0778,7.2,268,88,176,20,578,0.1051
219,2020-08-07,0,30.13614299,3.211810034,75.11557143,,20014156.13,26.33374223,-0.07975,7.2,268,88,176,20,578,0.10838
220,2020-08-08,0,30.42698949,0.4283582359,78.61080768,,21248346.5,26.01285133,-0.0817,7.2,268,88,176,20,578,0.11165
221,2020-08-09,11.29864643,28.74452044,0.7693691574,86.99324901,,11054437.5,25.69196043,-0.08365,7.2,268,88,176,20,578,0.11492
222,2020-08-10,4.724046042,28.25495872,1.414340553,87.20164429,,9076045.375,25.37106953,-0.0856,7.2,268,88,176,20,578,0.1182
223,2020-08-11,12.63218846,29.39653867,1.137664536,83.30051467,,15981992.13,25.05017863,-0.08755,7.2,268,88,176,20,578,0.12148
224,2020-08-12,10.11851704,28.83412514,0.4242579573,86.58930301,,12485834.13,24.72928773,-0.0895,7.2,268,88,176,20,578,0.12475
225,2020-08-13,15.17777598,26.43283297,1.725642053,95.19388104,,4825231.25,24.40839683,-0.09145,7.2,268,88,176,20,578,0.12802
226,2020-08-14,0,26.78769455,3.150079195,91.60136514,,7404144.25,24.08750594,-0.0934,7.2,268,88,176,20,578,0.1313
227,2020-08-15,0,28.39666519,2.732762033,84.36095632,,14580569.38,23.76661504,-0.09535,7.2,268,88,176,20,578,0.13458
228,2020-08-16,0,29.1023098,2.505535808,83.28063484,,17324289.75,23.44572414,-0.0973,7.2,268,88,176,20,578,0.13785
229,2020-08-17,14.65482118,29.72299474,1.611915859,81.27427712,,18424738.38,24.76407502,-0.09925,7.2,268,88,176,20,578,0.14112
230,2020-08-18,43.96446451,28.85025495,0.4573694144,85.59694694,,15276910.63,26.0824259,-0.1012,7.2,268,88,176,20,578,0.1444
231,2020-08-19,58.61928471,26.46984444,0.5853053177,94.82997565,,3623501.5,27.40077677,-0.10315,7.2,268,88,176,20,578,0.14768
232,2020-08-20,0,26.67152176,1.991981483,91.52295465,,6750389.625,28.71912765,-0.1051,7.2,268,88,176,20,578,0.15095
233,2020-08-21,0,28.52597834,3.281099658,77.91856479,,17800497.63,30.03747853,-0.10705,7.2,268,88,176,20,578,0.15422
234,2020-08-22,0,28.37963765,4.318080089,76.31744012,,16665056.75,29.64673068,-0.109,7.2,268,88,176,20,578,0.1575
235,2020-08-23,0,27.99896711,4.46454572,78.75580537,,14781849.25,29.25598283,-0.11095,7.2,268,88,176,20,578,0.16078
236,2020-08-24,0,27.66233788,3.689197461,81.30451244,,13311175,28.86523497,-0.1129,7.2,268,88,176,20,578,0.16405
237,2020-08-25,0,28.04157283,2.559066553,79.60420673,,16222822.63,28.47448712,-0.11485,7.2,268,88,176,20,578,0.16732
238,2020-08-26,0,28.55753988,1.051822437,80.42973928,,16194746.25,28.08373927,-0.1168,7.2,268,88,176,20,578,0.1706
239,2020-08-27,0,28.1461305,0.3932448567,83.43856163,,13328635.75,27.69299141,-0.11875,7.2,268,88,176,20,578,0.17388
240,2020-08-28,34.88216134,28.04940631,0.57360267,85.31813096,,16930300.13,27.30224356,-0.1207,7.2,268,88,176,20,578,0.17715
241,2020-08-29,0,28.74426676,2.218406688,79.1175293,,19219896.13,26.91149571,-0.12265,7.2,268,88,176,20,578,0.18042
242,2020-08-30,0,27.59294027,4.998212037,80.08001558,,16845245.13,26.52074785,-0.1246,7.2,268,88,176,20,578,0.1837
243,2020-08-31,0,27.93881124,3.282024487,76.27590971,,17093581.63,26.13,-0.12655,7.2,268,88,176,20,578,0.18698
244,2020-09-01,0,28.2782341,2.011702099,75.2018029,,16237426.87,26.68314251,-0.1285,7.3,872,292,780,12.8,83.3,0.19025
245,2020-09-02,0,28.75987142,0.1881380668,76.68172139,,18545201.38,27.23628502,-0.13045,7.3,872,292,780,12.8,83.3,0.19352
246,2020-09-03,0,28.17248688,2.757615304,82.29305816,,16074121.13,27.78942753,-0.1324,7.3,872,292,780,12.8,83.3,0.1968
247,2020-09-04,0,28.19963799,1.593385343,83.73612124,,18536280.88,28.34257004,-0.13435,7.3,872,292,780,12.8,83.3,0.20008
248,2020-09-05,29.60450459,27.74512507,0.9364083487,86.91977942,,14945844.25,28.89571255,-0.1363,7.3,872,292,780,12.8,83.3,0.20335
249,2020-09-06,0,28.47257131,0.7038854929,83.32911097,,16854317.63,29.44885506,-0.13825,7.3,872,292,780,12.8,83.3,0.20662
250,2020-09-07,40.84971189,28.77116674,0.9642761343,82.53434575,,18958403.75,30.00199757,-0.1402,7.3,872,292,780,12.8,83.3,0.2099
251,2020-09-08,0,28.99141528,1.419340261,79.56066492,,18494221.5,30.55514008,-0.14215,7.3,872,292,780,12.8,83.3,0.21318
252,2020-09-09,0,29.49177068,1.968373253,72.90316994,,19099285.13,31.10828259,-0.1441,7.3,872,292,780,12.8,83.3,0.21645
253,2020-09-10,0,29.5035759,2.173719566,69.23258462,,19900623.63,31.26679938,-0.14605,7.3,872,292,780,12.8,83.3,0.21972
254,2020-09-11,0,29.62144432,0.330575298,71.89283297,,19645644.13,33.72786105,-0.148,7.3,872,292,780,12.8,83.3,0.223
255,2020-09-12,0,29.63385226,0.399798787,71.94587581,,20692099.63,26.18274368,-0.1412,7.3,872,292,780,12.8,83.3,0.2142
256,2020-09-13,0,29.69930865,0.133555239,73.08832948,,19524998.25,32.2411007,-0.1344,7.3,872,292,780,12.8,83.3,0.2054
257,2020-09-14,0,29.80196279,0.5349227845,74.38474321,,19044297.25,32.07120999,-0.1276,7.3,872,292,780,12.8,83.3,0.1966
258,2020-09-15,0,30.15119832,0.4083923751,69.42691213,,20874334.63,31.90131928,-0.1208,7.3,872,292,780,12.8,83.3,0.1878
259,2020-09-16,0.1104399525,30.74570109,0.6831046437,67.87800901,,19426354.38,29.50985948,-0.114,7.3,872,292,780,12.8,83.3,0.179
260,2020-09-17,1.332722162,31.66439018,2.961079922,57.16356228,,20690565.5,33.14651835,-0.1126,7.3,872,292,780,12.8,83.3,0.1654
261,2020-09-18,8.687300404,31.66756783,1.853729165,60.71626973,,19080931.38,33.75685402,-0.1112,7.3,872,292,780,12.8,83.3,0.1518
262,2020-09-19,0.1026141746,30.54085503,1.05404027,67.96695266,,19867281.63,33.40235753,-0.1098,7.3,872,292,780,12.8,83.3,0.1382
263,2020-09-20,0,29.62248319,1.076275832,66.53165204,,21250538,33.04786105,-0.1084,7.3,872,292,780,12.8,83.3,0.1246
264,2020-09-21,0,30.30237478,0.9313857186,65.05200561,,19978766.75,32.77992194,-0.107,7.3,872,292,780,12.8,83.3,0.111
265,2020-09-22,0,29.25745672,1.830861146,75.05367484,,16981264.75,32.51198283,-0.0942,7.3,872,292,780,12.8,83.3,0.0972
266,2020-09-23,0,29.01226578,1.367696159,74.46182128,,18637973.45,31.89569867,-0.0814,7.3,872,292,780,12.8,83.3,0.0834
267,2020-09-24,0,28.91533686,0.8271626272,69.86067597,,19362419.38,31.27941452,-0.0686,7.3,872,292,780,12.8,83.3,0.0696
268,2020-09-25,0,29.96870829,1.757855576,56.92768263,,21090018.94,32.90451991,-0.0558,7.3,872,292,780,12.8,83.3,0.0558
269,2020-09-26,0,28.93832041,2.441407585,54.38963684,,19275860.75,29.17104606,-0.043,7.3,872,292,780,12.8,83.3,0.042
270,2020-09-27,0,28.19412829,0.739539932,63.8327363,,20724158.81,31.95593286,-0.044,7.3,872,292,780,12.8,83.3,0.0596
271,2020-09-28,0,28.32661336,1.457128268,57.63435035,,21080911.44,30.2080484,-0.045,7.3,872,292,780,12.8,83.3,0.0772
272,2020-09-29,0,27.8996769,2.507714859,52.41232922,,20496925.38,32.20906323,-0.046,7.3,872,292,780,12.8,83.3,0.0948
273,2020-09-30,0,27.51331228,2.75520467,49.5323726,,21095292.31,32.08295863,-0.047,7.3,872,292,780,12.8,83.3,0.1124
274,2020-10-01,0,27.87955564,2.179553255,52.83899049,,20928165.56,32.36762685,-0.048,7.2,548,140,352,26,97,0.13
275,2020-10-02,0.2469482273,27.67132403,1.49641232,52.71718985,,21046331.94,33.19526151,-0.0522,7.2,548,140,352,26,97,0.1278
276,2020-10-03,0,27.79037692,0.8281250646,49.07934011,,20990162.19,33.36469165,-0.0564,7.2,548,140,352,26,97,0.1256
277,2020-10-04,1.191972569,26.59733416,1.723700136,47.95376297,,21058699.25,32.56640906,-0.0606,7.2,548,140,352,26,97,0.1234
278,2020-10-05,0,26.40138143,2.405937703,46.24816663,,20989285,32.14775176,-0.0648,7.2,548,140,352,26,97,0.1212
279,2020-10-06,0,26.72295341,1.781631527,48.56399387,,20868009,32.09665105,-0.069,7.2,548,140,352,26,97,0.119
280,2020-10-07,0,26.82418467,0.4751428058,50.09610822,,20645091.25,31.17810304,-0.0672,7.2,548,140,352,26,97,0.1172
281,2020-10-08,0,26.6073878,0.4691542242,52.04248482,,20503198.33,32.00317721,-0.0654,7.2,548,140,352,26,97,0.1154
282,2020-10-09,0,26.72241046,0.3932956768,52.95798762,,20179968.06,30.45043716,-0.0636,7.2,548,140,352,26,97,0.1136
283,2020-10-10,3.527824362,26.81955554,1.159591021,53.72683265,,19722231.75,31.25218579,-0.0618,7.2,548,140,352,26,97,0.1118
284,2020-10-11,0,26.81521759,1.056191577,53.15124312,,19813194.25,27.10382671,-0.06,7.2,548,140,352,26,97,0.11
285,2020-10-12,0,27.09973488,1.051528546,55.37554209,,19463539.25,30.24581577,-0.0634,7.2,548,140,352,26,97,0.1256
286,2020-10-13,0,27.46496989,1.63405472,58.4336435,,18450296.75,29.59494926,-0.0668,7.2,548,140,352,26,97,0.1412
287,2020-10-14,0,27.62056249,1.144289074,59.96772356,,16204951.88,30.71103825,-0.0702,7.2,548,140,352,26,97,0.1568
288,2020-10-15,0,26.84496969,1.46875917,51.43898142,,18666559.13,31.82712724,-0.0736,7.2,548,140,352,26,97,0.1724
289,2020-10-16,0,26.19000079,1.126350819,39.33861628,,19527642,31.05357533,-0.077,7.2,548,140,352,26,97,0.188
290,2020-10-17,0.872821033,26.18098284,1.121202701,45.33386831,,18990929.63,28.48236534,-0.051,7.2,548,140,352,26,97,0.1862
291,2020-10-18,0,25.51410319,2.217564652,38.06253789,,19169871.75,30.19593286,-0.025,7.2,548,140,352,26,97,0.1844
292,2020-10-19,0,24.73287099,2.31232755,40.04524261,,18831664.13,29.8235363,0.001,7.2,548,140,352,26,97,0.1826
293,2020-10-20,0,24.7296889,0.8502590946,38.83159756,,19551654.75,30.31487119,0.027,7.2,548,140,352,26,97,0.1808
294,2020-10-21,0,25.92822164,0.7901889081,40.93423309,,17358548,30.19483997,0.053,7.2,548,140,352,26,97,0.179
295,2020-10-22,0,25.25720749,1.110543448,48.09016772,,16534052.63,29.22459797,0.0284,7.2,548,140,352,26,97,0.1504
296,2020-10-23,0,24.50109571,1.373912839,47.70714616,,18483492.75,28.25435597,0.0038,7.2,548,140,352,26,97,0.1218
297,2020-10-24,0,24.52765172,1.104161664,44.49224379,,18731647,28.29199844,-0.0208,7.2,548,140,352,26,97,0.0932
298,2020-10-25,0,25.01359965,0.6573371867,46.28902382,,18477615.75,28.39366901,-0.0454,7.2,548,140,352,26,97,0.0646
299,2020-10-26,0,24.02818069,1.468086898,48.07076548,,15240298.75,26.24134392,-0.07,7.2,548,140,352,26,97,0.036
300,2020-10-27,0,22.78283971,2.448866292,39.56873647,,18413595,26.70633099,-0.0678,7.2,548,140,352,26,97,0.0464
301,2020-10-28,0,22.90005391,0.9900858503,43.98810493,,18350706.5,25.92395785,-0.0656,7.2,548,140,352,26,97,0.0568
302,2020-10-29,0,22.53965721,0.8574252431,49.86598236,,18000604.25,27.32623731,-0.0634,7.2,548,140,352,26,97,0.0672
303,2020-10-30,0,22.35716718,2.514105986,43.98575948,,17907050,26.5795082,-0.0612,7.2,548,140,352,26,97,0.0776
304,2020-10-31,0,22.10832748,2.968320338,39.01800034,,17937067.75,25.88575332,-0.059,7.2,548,140,352,26,97,0.088
305,2020-11-01,0,21.31791967,2.785109156,35.52404908,,17988093.75,26.16350507,-0.0662,7.4,664,220,424,15.6,55.9,0.0882
306,2020-11-02,0,21.00193113,2.62625426,35.15949638,,17949474.75,24.24551913,-0.0734,7.4,664,220,424,15.6,55.9,0.0884
307,2020-11-03,0,20.62809016,1.649934634,38.35861291,,17787895.75,26.77565183,-0.0806,7.4,664,220,424,15.6,55.9,0.0886
308,2020-11-04,0.2266704043,21.84669902,2.525305216,45.91622709,,17047850.75,23.8137783,-0.0878,7.4,664,220,424,15.6,55.9,0.0888
309,2020-11-05,0,22.06928279,1.344055515,47.4023164,,17234582.5,25.92881343,-0.095,7.4,664,220,424,15.6,55.9,0.089
310,2020-11-06,0,21.61457214,2.051611355,46.74621713,,17140010.5,23.5842701,-0.082,7.4,664,220,424,15.6,55.9,0.0768
311,2020-11-07,0,21.00398916,2.473718776,46.80520297,,17088562.75,24.70629977,-0.069,7.4,664,220,424,15.6,55.9,0.0646
312,2020-11-08,0,20.67178243,0.9768805315,52.05545399,,17006320,23.53455894,-0.056,7.4,664,220,424,15.6,55.9,0.0524
313,2020-11-09,0,20.49694977,1.466987121,55.43860195,,16760850.5,22.63835285,-0.043,7.4,664,220,424,15.6,55.9,0.0402
314,2020-11-10,0,20.67505035,1.26225018,61.70085466,,16373855.75,24.79869633,-0.03,7.4,664,220,424,15.6,55.9,0.028
315,2020-11-11,0,20.94418615,1.36046229,57.76508973,,15830364.75,24.23883685,-0.0392,7.4,664,220,424,15.6,55.9,0.029
316,2020-11-12,0,20.56067683,0.3252184596,58.09874738,,15737407,24.92565964,-0.0484,7.4,664,220,424,15.6,55.9,0.03
317,2020-11-13,0,20.43461761,1.562178972,59.40343855,,15962766,24.93068696,-0.0576,7.4,664,220,424,15.6,55.9,0.031
318,2020-11-14,0,20.50553474,0.746263159,56.18768094,,15929376.75,22.34609756,-0.0668,7.4,664,220,424,15.6,55.9,0.032
319,2020-11-15,0,21.59833806,2.164707487,62.47250815,,13303799.75,22.19847089,-0.076,7.4,664,220,424,15.6,55.9,0.033
320,2020-11-16,0,19.28772952,1.220556269,77.72033372,,8681153,22.05084422,-0.0744,7.4,664,220,424,15.6,55.9,0.0518
321,2020-11-17,0,18.5855442,2.33464857,70.76119033,,13931036.25,22.48030445,-0.0728,7.4,664,220,424,15.6,55.9,0.0706
322,2020-11-18,0,17.62900823,1.801375439,64.15252047,,15710123.5,23.09505855,-0.0712,7.4,664,220,424,15.6,55.9,0.0894
323,2020-11-19,0,17.09659729,1.962353253,60.46226061,,15205297.75,23.4628025,-0.0696,7.4,664,220,424,15.6,55.9,0.1082
324,2020-11-20,0,16.86808357,3.073613214,53.95051422,,15763607.5,22.48239657,-0.068,7.4,664,220,424,15.6,55.9,0.127
325,2020-11-21,0,15.99701271,3.499389295,48.42904094,,15881616.5,21.18113193,-0.0679,7.4,664,220,424,15.6,55.9,0.1219
326,2020-11-22,0,15.47313461,2.334394849,52.26746821,,15632565.5,17.51604462,-0.0678,7.4,664,220,424,15.6,55.9,0.1168
327,2020-11-23,0,15.93006287,0.754401353,54.99912796,,15347950.25,19.49694175,-0.0677,7.4,664,220,424,15.6,55.9,0.1117
328,2020-11-24,0,16.69391149,1.166426114,59.90842489,,13836861,20.08561615,-0.0676,7.4,664,220,424,15.6,55.9,0.1066
329,2020-11-25,1.977595528,16.83917262,1.779127945,69.39033035,,10826747.25,20.67429055,-0.0675,7.4,664,220,424,15.6,55.9,0.1015
330,2020-11-26,3.341547514,17.11551628,2.143333665,66.57760874,,12606229.5,21.26296495,-0.0674,7.4,664,220,424,15.6,55.9,0.0964
331,2020-11-27,0,17.53285243,3.156596776,59.1573201,,15074937.5,21.85163934,-0.0673,7.4,664,220,424,15.6,55.9,0.0913
332,2020-11-28,0,16.67380994,2.774243504,56.68873862,,15149555,21.97115535,-0.0672,7.4,664,220,424,15.6,55.9,0.0862
333,2020-11-29,0,15.65146345,1.885424635,59.45417444,,15195006.25,22.2107338,-0.0671,7.4,664,220,424,15.6,55.9,0.0811
334,2020-11-30,0,16.27857488,1.98555359,61.26110307,,14767025,21.38717408,-0.067,7.4,664,220,424,15.6,55.9,0.076
335,2020-12-01,0,16.67436625,1.788942142,64.11714659,,14563764.75,21.39881343,-0.0652,6.6,304,76,128,16,56.1,0.079
336,2020-12-02,0.2458686878,17.88731728,2.830576463,59.5504505,,14685045.25,21.41045277,-0.0634,6.6,304,76,128,16,56.1,0.082
337,2020-12-03,0,17.49162445,0.5564729901,66.91386796,,14466295.5,22.65783763,-0.0616,6.6,304,76,128,16,56.1,0.085
338,2020-12-04,0,18.55378812,1.609567999,63.83705129,,14290512.75,21.57502732,-0.0598,6.6,304,76,128,16,56.1,0.088
339,2020-12-05,0,19.25405019,2.650179347,65.9804984,,14118634.25,21.57752537,-0.058,6.6,304,76,128,16,56.1,0.091
340,2020-12-06,0,19.30840518,0.7627471275,66.73198619,,14065498,21.24203747,-0.0558,6.6,304,76,128,16,56.1,0.0996
341,2020-12-07,0,18.84840482,2.402907126,66.96999805,,14018569.75,21.82790788,-0.0536,6.6,304,76,128,16,56.1,0.1082
342,2020-12-08,0,18.63167534,1.408996703,68.23036036,,13984801.25,22.37842311,-0.0514,6.6,304,76,128,16,56.1,0.1168
343,2020-12-09,0,19.38312238,1.641654067,67.20261448,,13897784.75,22.92893833,-0.0492,6.6,304,76,128,16,56.1,0.1254
344,2020-12-10,0,19.55142301,1.758600812,62.98113349,,13456864.75,22.13779859,-0.047,6.6,304,76,128,16,56.1,0.134
345,2020-12-11,0,19.89999479,1.182319855,66.72590586,,12080446.25,21.34665886,-0.0488,6.6,304,76,128,16,56.1,0.121
346,2020-12-12,0,17.36841164,0.8903695071,80.98089597,,9572273,20.55551913,-0.0506,6.6,304,76,128,16,56.1,0.108
347,2020-12-13,0,14.45894012,2.842804243,63.08386021,,14177972.25,19.76437939,-0.0524,6.6,304,76,128,16,56.1,0.095
348,2020-12-14,0,12.73582738,2.581744922,65.7553431,,14585607.5,18.36928181,-0.0542,6.6,304,76,128,16,56.1,0.082
349,2020-12-15,0,11.8035567,2.331228722,64.37432483,,14607941.75,15.45131519,-0.056,6.6,304,76,128,16,56.1,0.069
350,2020-12-16,0,11.81600215,3.236733425,61.74896842,,14552205,16.8113577,-0.0534,6.6,304,76,128,16,56.1,0.0612
351,2020-12-17,0,10.79320297,3.453486469,58.38865638,,14666156,13.29921053,-0.0508,6.6,304,76,128,16,56.1,0.0534
352,2020-12-18,0,11.85691859,3.311881209,50.89619991,,14527233.75,15.63371585,-0.0482,6.6,304,76,128,16,56.1,0.0456
353,2020-12-19,0,12.82080104,3.198009988,47.8846842,,14522054,18.32005464,-0.0456,6.6,304,76,128,16,56.1,0.0378
354,2020-12-20,1.943656862,14.0869283,3.118402141,49.53665903,,14210163,10.43105882,-0.043,6.6,304,76,128,16,56.1,0.03
355,2020-12-21,0,14.45411263,2.351960888,57.15474101,,12675989.75,8.05,-0.045,6.6,304,76,128,16,56.1,0.0378
356,2020-12-22,0,14.30348803,1.941880219,61.65799519,,13937054.25,18.13965326,-0.047,6.6,304,76,128,16,56.1,0.0456
357,2020-12-23,0,13.94227308,1.632589108,63.82355787,,14439394.5,18.05479313,-0.049,6.6,304,76,128,16,56.1,0.0534
358,2020-12-24,0,13.90884043,2.045154826,61.43306773,,14484931.25,18.23510297,-0.051,6.6,304,76,128,16,56.1,0.0612
359,2020-12-25,0,13.6028979,2.622412935,62.11313139,,14516530.75,17.8519516,-0.053,6.6,304,76,128,16,56.1,0.069
360,2020-12-26,0,13.46443456,2.009507186,64.62109779,,14436860.5,19.83056657,-0.05324,6.6,304,76,128,16,56.1,0.06704
361,2020-12-27,3.65794153,15.01662788,0.8133292262,62.54184806,,14230533,16.24238095,-0.05348,6.6,304,76,128,16,56.1,0.06508
362,2020-12-28,0,12.01642888,2.850941699,46.60143108,,14725222.75,16.94508197,-0.05372,6.6,304,76,128,16,56.1,0.06312
363,2020-12-29,0,10.8759641,3.013669151,61.92784923,,14733453.75,15.18503513,-0.05396,6.6,304,76,128,16,56.1,0.06116
364,2020-12-30,0,10.29636218,2.544322325,67.20089004,,14669209.75,14.67096799,-0.0542,6.6,304,76,128,16,56.1,0.0592
365,2020-12-31,0,10.57817866,1.889810589,70.38700636,,14350820.75,13.79508257,-0.05444,6.6,304,76,128,16,56.1,0.05724
366,2021-01-01,0,12.21818186,1.15085623,65.35951777,,14173694.75,15.195,-0.05468,7.3,1136,310,724,36,54.8,0.05528
367,2021-01-02,0,15.18943176,2.077128226,74.0101266,,8686918.75,16.02081187,-0.05492,7.3,1136,310,724,36,54.8,0.05332
368,2021-01-03,0,17.18514659,3.232234915,79.93903372,,10743444.25,16.84662373,-0.05516,7.3,1136,310,724,36,54.8,0.05136
369,2021-01-04,0,17.62463214,1.545913301,84.0219365,,10923097.5,17.6724356,-0.0554,7.3,1136,310,724,36,54.8,0.0494
370,2021-01-05,0,18.3833964,2.392794822,82.23736319,,10148206.75,17.26417382,-0.05564,7.3,1136,310,724,36,54.8,0.04744
371,2021-01-06,5.992421101,17.58638344,0.5849028965,82.72196699,,10955187.75,16.85591205,-0.05588,7.3,1136,310,724,36,54.8,0.04548
372,2021-01-07,0,14.4806928,2.219523079,79.80069121,,11782801.25,16.44765027,-0.05612,7.3,1136,310,724,36,54.8,0.04352
373,2021-01-08,0,13.66859144,1.735800058,78.7215876,,10952021,16.0393885,-0.05636,7.3,1136,310,724,36,54.8,0.04156
374,2021-01-09,0,15.37636655,3.359218986,74.83836924,,13021146.25,15.63112672,-0.0566,7.3,1136,310,724,36,54.8,0.0396
375,2021-01-10,0,11.83411115,3.394739489,69.67747698,,15486328.5,15.22286495,-0.05684,7.3,1136,310,724,36,54.8,0.03764
376,2021-01-11,0,11.68114942,3.552090533,72.22217543,,15373915,15.12447307,-0.05708,7.3,1136,310,724,36,54.8,0.03568
377,2021-01-12,0,11.86974678,3.113288395,70.4424294,,15478207.75,14.015932,-0.05732,7.3,1136,310,724,36,54.8,0.03372
378,2021-01-13,0,11.45229174,2.501350451,68.96432713,,15706136,14.10592961,-0.05756,7.3,1136,310,724,36,54.8,0.03176
379,2021-01-14,8.834881524,11.98446045,0.6984071463,71.4261456,,14769546.5,14.19592721,-0.0578,7.3,1136,310,724,36,54.8,0.0298
380,2021-01-15,0,12.64655457,1.193702066,74.36716818,,15042557.75,17.46185841,-0.05804,7.3,1136,310,724,36,54.8,0.02784
381,2021-01-16,0,10.31969159,1.895018647,81.23972087,,13913621,17.19351129,-0.05828,7.3,1136,310,724,36,54.8,0.02588
382,2021-01-17,0,12.55889918,2.844548806,80.46534839,,13601601.25,16.92516418,-0.05852,7.3,1136,310,724,36,54.8,0.02392
383,2021-01-18,8.432897687,14.92231903,1.36311294,77.82506886,,9150804,16.65681706,-0.05876,7.3,1136,310,724,36,54.8,0.02196
384,2021-01-19,0,15.52432531,2.72970061,73.60583879,,14932164.75,16.38846995,-0.059,7.3,1136,310,724,36,54.8,0.02
385,2021-01-20,0,14.66421916,3.995901426,75.07039743,,15945001.25,16.05469945,-0.05725,7.3,1136,310,724,36,54.8,0.0216
386,2021-01-21,0,13.79091479,3.174463837,66.82767761,,16378326,17.42473849,-0.0555,7.3,1136,310,724,36,54.8,0.0232
387,2021-01-22,0,13.67115046,2.340781162,71.41454867,,16272120.5,17.43043091,-0.05375,7.3,1136,310,724,36,54.8,0.0248
388,2021-01-23,7.619560838,15.40764453,2.397816488,73.56221257,,15740478.75,17.43612334,-0.052,7.3,1136,310,724,36,54.8,0.0264
389,2021-01-24,0,13.34990781,2.285085576,74.30304892,,15035029,17.44181577,-0.05025,7.3,1136,310,724,36,54.8,0.028
390,2021-01-25,0,12.79708697,1.803463307,71.15536655,,15986846.5,17.4475082,-0.0485,7.3,1136,310,724,36,54.8,0.0296
391,2021-01-26,0,12.59196498,2.369753134,67.65340721,,16663221.25,17.45320062,-0.04675,7.3,1136,310,724,36,54.8,0.0312
392,2021-01-27,0,12.58481687,2.556745343,65.28278203,,16970508.25,17.41213895,-0.045,7.3,1136,310,724,36,54.8,0.0328
393,2021-01-28,0,12.02843946,1.943078855,66.87774802,,17091183.75,15.97786885,-0.04325,7.3,1136,310,724,36,54.8,0.0344
394,2021-01-29,0,12.6208327,2.959564921,61.65096357,,17127529,17.38052303,-0.0415,7.3,1136,310,724,36,54.8,0.036
395,2021-01-30,0,12.67540639,2.948018756,58.97319872,,17397084,17.88247463,-0.03975,7.3,1136,310,724,36,54.8,0.0376
396,2021-01-31,0,13.97310537,0.6178459184,57.34228562,,17360798.25,19.94081967,-0.038,7.3,1136,310,724,36,54.8,0.0392
397,2021-02-01,0,15.31570333,1.544814135,60.76126993,,17272656.5,19.65337237,-0.03625,7.4,392,102,168,45.2,45.2,0.0408
398,2021-02-02,0,16.00386772,0.5035454802,65.18004083,,17323920.75,20.67718189,-0.0345,7.4,392,102,168,45.2,45.2,0.0424
399,2021-02-03,0,17.31540705,2.706545755,68.76445838,,16693653.25,17.61989852,-0.03275,7.4,392,102,168,45.2,45.2,0.044
400,2021-02-04,0,14.39737409,2.575918742,79.32005572,,14717291,17.82406714,-0.031,7.4,392,102,168,45.2,45.2,0.0456
401,2021-02-05,0,13.96538188,2.173284008,76.01673639,,16016636.75,19.23360656,-0.02925,7.4,392,102,168,45.2,45.2,0.0472
402,2021-02-06,0,14.5879055,3.074702281,66.85500809,,17783272.25,19.8964637,-0.0275,7.4,392,102,168,45.2,45.2,0.0488
403,2021-02-07,0,15.09152374,3.067790805,68.67983061,,17964956.75,20.31605777,-0.02575,7.4,392,102,168,45.2,45.2,0.0504
404,2021-02-08,0,15.95300001,2.376932463,69.87867818,,18023949.25,21.08088212,-0.024,7.4,392,102,168,45.2,45.2,0.052
405,2021-02-09,0,17.12725029,0.896520017,65.71710329,,17930988.5,22.14089774,-0.0252,7.4,392,102,168,45.2,45.2,0.051
406,2021-02-10,0,18.18552678,1.029552548,66.02355758,,18182176.25,21.88016393,-0.0264,7.4,392,102,168,45.2,45.2,0.05
407,2021-02-11,0,17.53543434,1.827171575,70.18777993,,18419653.75,22.68544106,-0.0276,7.4,392,102,168,45.2,45.2,0.049
408,2021-02-12,0,16.94229024,1.334519042,74.45349214,,14828069.75,21.84127244,-0.0288,7.4,392,102,168,45.2,45.2,0.048
409,2021-02-13,0,16.86519903,1.091486701,72.48751645,,18239412.25,20.99710383,-0.03,7.4,392,102,168,45.2,45.2,0.047
410,2021-02-14,0,17.96594709,1.200493788,67.30560727,,18594198,23.59449649,-0.0312,7.4,392,102,168,45.2,45.2,0.046
411,2021-02-15,0,18.73658969,0.6887240462,65.25138266,,17412136.5,23.07563622,-0.0324,7.4,392,102,168,45.2,45.2,0.045
412,2021-02-16,5.300635099,19.1963281,0.6814637146,60.9468798,,18694413.75,24.3390242,-0.0336,7.4,392,102,168,45.2,45.2,0.044
413,2021-02-17,0,18.69822273,1.236962219,62.28073253,,18888466.75,23.16074161,-0.0348,7.4,392,102,168,45.2,45.2,0.043
414,2021-02-18,0,18.9667984,1.175357986,62.16019159,,18975878.5,24.40625293,-0.036,7.4,392,102,168,45.2,45.2,0.042
415,2021-02-19,0,18.75553729,1.911436213,65.73514511,,19332233.25,21.64723653,-0.037,7.4,392,102,168,45.2,45.2,0.0562
416,2021-02-20,0,18.70191091,2.143068846,62.23350808,,19439154.25,24.02242779,-0.038,7.4,392,102,168,45.2,45.2,0.0704
417,2021-02-21,0,19.27215411,2.649954182,57.044372,,19749836.25,24.9553708,-0.039,7.4,392,102,168,45.2,45.2,0.0846
418,2021-02-22,0,20.17833036,2.707115601,54.51177612,,19419892.63,15.84902834,-0.04,7.4,392,102,168,45.2,45.2,0.0988
419,2021-02-23,0,21.66578954,1.133968831,50.12904016,,19751623.38,27.3790242,-0.041,7.4,392,102,168,45.2,45.2,0.113
420,2021-02-24,0,22.14289945,1.841507493,45.35740116,,20191028.5,27.11151444,-0.0246,7.4,392,102,168,45.2,45.2,0.1124
421,2021-02-25,5.668154846,22.71558914,2.599828428,44.1891894,,20239320.13,27.37270101,-0.0082,7.4,392,102,168,45.2,45.2,0.1118
422,2021-02-26,0,24.09696159,1.896402208,44.53760821,,20250826.25,28.12505074,0.0082,7.4,392,102,168,45.2,45.2,0.1112
423,2021-02-27,0,23.72932332,1.475545638,41.10537958,,20358054.25,28.08389539,0.0246,7.4,392,102,168,45.2,45.2,0.1106
424,2021-02-28,0,22.05762634,1.865504498,39.66512485,,20291594.25,25.25740047,0.041,7.4,392,102,168,45.2,45.2,0.11
425,2021-03-01,0,20.32208405,3.41155846,38.00170178,,21454785.75,26.95775956,0.0256,7.4,392,102,168,45.2,45.2,0.093
426,2021-03-02,0,20.93779081,4.223392027,33.97326021,,21689384.88,26.47449649,0.0102,7.4,392,102,168,45.2,45.2,0.076
427,2021-03-03,0,22.063377,2.203530859,39.43576158,,21467361.05,27.46793911,-0.0052,7.4,392,102,168,45.2,45.2,0.059
428,2021-03-04,0,22.59751663,1.161319852,46.92688167,,21366504.32,27.63045277,-0.0206,7.4,392,102,168,45.2,45.2,0.042
429,2021-03-05,0,22.7289018,3.917209769,38.3666321,,21886137.34,28.26319282,-0.036,7.4,392,102,168,45.2,45.2,0.025
430,2021-03-06,0,22.84972916,1.797932318,38.91167103,,21959208.75,27.79176425,-0.0271,7.4,392,102,168,45.2,45.2,0.0411
431,2021-03-07,0,24.4607413,3.03558792,46.22246753,,21477897.31,26.35583919,-0.0182,7.4,392,102,168,45.2,45.2,0.0572
432,2021-03-08,0,24.16099319,3.230946045,55.28924095,,21066666.13,24.91991413,-0.0093,7.4,392,102,168,45.2,45.2,0.0733
433,2021-03-09,0,24.20761197,0.9718179079,57.15612777,,20266599.88,26.29457455,-0.0004,7.4,392,102,168,45.2,45.2,0.0894
434,2021-03-10,0,23.29034767,0.6793197023,60.1596611,,18946569.06,27.66923497,0.0085,7.4,392,102,168,45.2,45.2,0.1055
435,2021-03-11,0,24.3105058,1.232214006,47.11656852,,21948107.06,30.0752459,0.0184,7.4,392,102,168,45.2,45.2,0.1016
436,2021-03-12,7.475082984,22.82666168,2.009677995,61.89445606,,16204703,24.77978221,0.0283,7.4,392,102,168,45.2,45.2,0.0977
437,2021-03-13,0,23.29582558,1.889491931,55.67080792,,21319808.88,25.50703549,0.0382,7.4,392,102,168,45.2,45.2,0.0938
438,2021-03-14,0,23.17247988,2.775749499,47.63410497,,22842770.94,28.2158548,0.0481,7.4,392,102,168,45.2,45.2,0.0899
439,2021-03-15,0,24.15171013,2.732182327,47.90207129,,21498508.94,26.40768931,0.058,7.4,392,102,168,45.2,45.2,0.086
440,2021-03-16,0,24.40287298,2.791573532,43.81834589,,23031949,26.80234973,0.046,7.4,392,102,168,45.2,45.2,0.0854
441,2021-03-17,0,24.89402033,2.180481603,41.52612316,,21977534.94,27.19701015,0.034,7.4,392,102,168,45.2,45.2,0.0848
442,2021-03-18,0.211821273,25.08803329,1.200327283,45.60625835,,20916436,28.12126464,0.022,7.4,392,102,168,45.2,45.2,0.0842
443,2021-03-19,0,25.10519117,1.854433139,45.11122174,,20356973.13,29.04551913,0.01,7.4,392,102,168,45.2,45.2,0.0836
444,2021-03-20,0,24.79128036,2.548667672,40.93859183,,23199640.09,30.25957065,-0.002,7.4,392,102,168,45.2,45.2,0.083
445,2021-03-21,0,25.52739614,1.077026126,41.18296896,,22684130,29.00061671,-0.0023,7.4,392,102,168,45.2,45.2,0.0833
446,2021-03-22,0,25.34795214,1.58817203,48.45991828,,21817881.63,27.6918267,-0.0026,7.4,392,102,168,45.2,45.2,0.0836
447,2021-03-23,0.9005781412,24.68401044,1.176042697,50.2267695,,21527648.38,27.59332553,-0.0029,7.4,392,102,168,45.2,45.2,0.0839
448,2021-03-24,0,24.51990217,2.70465688,39.08229439,,23060456.38,27.49482436,-0.0032,7.4,392,102,168,45.2,45.2,0.0842
449,2021-03-25,0,23.27194049,3.712711763,43.63555566,,24658401.25,27.85728337,-0.0035,7.4,392,102,168,45.2,45.2,0.0845
450,2021-03-26,0,23.36961581,3.101756358,46.8322055,,24630586.5,28.21974239,-0.0038,7.4,392,102,168,45.2,45.2,0.0848
451,2021-03-27,0,25.02075602,1.828094767,45.37959064,,24315465.25,29.705363,-0.0041,7.4,392,102,168,45.2,45.2,0.0851
452,2021-03-28,0,27.11419385,0.7669150336,42.24304873,,24416708.63,29.51769711,-0.0044,7.4,392,102,168,45.2,45.2,0.0854
453,2021-03-29,0,28.57670046,0.3002101755,34.97344716,,24797495.13,31.72217799,-0.0047,7.4,392,102,168,45.2,45.2,0.0857
454,2021-03-30,0,29.41427638,4.464487225,29.38694922,,25457632.25,32.11864949,-0.005,7.4,392,102,168,45.2,45.2,0.086
455,2021-03-31,0,27.08886935,5.273631847,17.55470055,,26084342.25,31.77919594,-0.0164,7.4,392,102,168,45.2,45.2,0.093
456,2021-04-01,0,25.70280355,4.965485428,15.04674428,,26459682.25,29.48091335,-0.0278,7.4,392,102,168,45.2,45.2,0.1
457,2021-04-02,0,25.05932261,3.017254322,16.83874525,,26205354.88,30.4234114,-0.0392,7.4,392,102,168,45.2,45.2,0.107
458,2021-04-03,0,25.18848254,2.505904269,18.35433019,,26296202,31.49722873,-0.0506,7.4,392,102,168,45.2,45.2,0.114
459,2021-04-04,0,26.78136215,2.256799627,22.57261506,,25963417.5,32.77899297,-0.062,7.4,392,102,168,45.2,45.2,0.121
460,2021-04-05,0,29.76875331,2.07290887,25.09199484,,25211603.25,25.98789474,-0.0528,7.4,392,102,168,45.2,45.2,0.116
461,2021-04-06,0,29.87562586,2.583387207,27.35477862,,24199730.88,28.45388882,-0.0436,7.4,392,102,168,45.2,45.2,0.111
462,2021-04-07,0,28.44387843,2.272494567,28.59615211,,24613785.88,30.9198829,-0.0344,7.4,392,102,168,45.2,45.2,0.106
463,2021-04-08,0,26.9183918,3.023947883,21.74429962,,26592503.13,29.68042935,-0.0252,7.4,392,102,168,45.2,45.2,0.101
464,2021-04-09,0,27.28042755,3.157375675,18.83347339,,26335189.25,33.59825917,-0.016,7.4,392,102,168,45.2,45.2,0.096
465,2021-04-10,0,28.09526405,2.78971225,19.21806664,,26724274.75,32.60039813,0.0166,7.4,392,102,168,45.2,45.2,0.1076
466,2021-04-11,0,28.99250374,2.429400897,17.90124199,,26737794.5,35.39579235,0.0492,7.4,392,102,168,45.2,45.2,0.1192
467,2021-04-12,0,29.61331266,2.521384836,18.31853061,,25516399.63,31.76801717,0.0818,7.4,392,102,168,45.2,45.2,0.1308
468,2021-04-13,0,30.38081957,3.213828897,18.76295885,,25032823.75,33.00759563,0.1144,7.4,392,102,168,45.2,45.2,0.1424
469,2021-04-14,0,29.99006742,2.929855433,22.46548816,,23854605.25,33.42965652,0.147,7.4,392,102,168,45.2,45.2,0.154
470,2021-04-15,0,30.38678068,1.858202798,20.18530769,,25603736,30.49989852,0.111,7.4,392,102,168,45.2,45.2,0.144
471,2021-04-16,4.360711634,30.10387573,1.018467985,25.3586218,,23421527.13,32.03519856,0.075,7.4,392,102,168,45.2,45.2,0.134
472,2021-04-17,0,27.58987389,1.320038086,35.60202253,,24548034,30.31527568,0.039,7.4,392,102,168,45.2,45.2,0.124
473,2021-04-18,0,28.29755745,2.237237691,28.91110724,,25940425,33.04491023,0.003,7.4,392,102,168,45.2,45.2,0.114
474,2021-04-19,0,29.55454216,3.040203592,22.87024796,,26751315.88,31.85348165,-0.033,7.4,392,102,168,45.2,45.2,0.104
475,2021-04-20,0,28.07116725,2.145718066,25.34640358,,20848160.13,31.44216237,-0.0372,7.4,392,102,168,45.2,45.2,0.1062
476,2021-04-21,0,25.67148743,1.77058651,39.68017097,,26040258.63,31.03084309,-0.0414,7.4,392,102,168,45.2,45.2,0.1084
477,2021-04-22,0,26.69868495,2.570461441,38.92557934,,26453489.25,30.17020297,-0.0456,7.4,392,102,168,45.2,45.2,0.1106
478,2021-04-23,0,26.63385862,1.581341634,40.0795386,,23101645.88,22.95548287,-0.0498,7.4,392,102,168,45.2,45.2,0.1128
479,2021-04-24,0,26.60787544,3.454603868,29.24729565,,27770735.25,33.62664325,-0.054,7.4,392,102,168,45.2,45.2,0.115
480,2021-04-25,0,28.46303584,3.163910392,24.14643515,,28003627,34.38150664,-0.0444,7.4,392,102,168,45.2,45.2,0.1212
481,2021-04-26,0,30.16694221,2.489018819,22.35706419,,28011823,35.43886807,-0.0348,7.4,392,102,168,45.2,45.2,0.1274
482,2021-04-27,0,32.46284637,2.44951414,19.16847128,,27163538.5,35.84241218,-0.0252,7.4,392,102,168,45.2,45.2,0.1336
483,2021-04-28,0,32.80067406,2.64416887,16.37541354,,27105983.5,33.49944575,-0.0156,7.4,392,102,168,45.2,45.2,0.1398
484,2021-04-29,0,32.97681007,2.237193518,19.30591245,,26431764.5,34.1873146,-0.006,7.4,392,102,168,45.2,45.2,0.146
485,2021-04-30,0,32.1834554,1.318948847,24.72122209,,26113948.25,32.54651835,-0.0114,7.4,392,102,168,45.2,45.2,0.133
486,2021-05-01,0,32.03348694,0.5874225473,28.39750357,,23586064.75,31.34603435,-0.0168,7.35,320,195,1042,38,30,0.12
487,2021-05-02,0,30.32577349,1.307587215,34.39764823,,20562396.5,35.18117877,-0.0222,7.35,320,195,1042,38,30,0.107
488,2021-05-03,0,30.59941508,0.1800604463,35.55272866,,24133037.5,31.84893833,-0.0276,7.35,320,195,1042,38,30,0.094
489,2021-05-04,2.896866674,31.50930939,1.369328621,34.74224816,,24335265.63,31.54283146,-0.033,7.35,320,195,1042,38,30,0.081
490,2021-05-05,0,30.63204981,2.29139439,42.91001001,,24108807.63,34.18708041,-0.0384,7.35,320,195,1042,38,30,0.09
491,2021-05-06,1.661632657,28.80256742,2.257739647,54.45072939,,24519500.25,31.91324746,-0.0438,7.35,320,195,1042,38,30,0.099
492,2021-05-07,0,27.9210125,1.706252473,55.97044932,,25091065.38,31.72993755,-0.0492,7.35,320,195,1042,38,30,0.108
493,2021-05-08,0,30.16443659,1.013364279,39.71542078,,24873633.75,36.44690867,-0.0546,7.35,320,195,1042,38,30,0.117
494,2021-05-09,28.58603712,30.06821976,1.752667576,45.86626012,,24016491.13,35.56712724,-0.06,7.35,320,195,1042,38,30,0.126
495,2021-05-10,0,30.19350014,2.900004945,46.70476728,,26498303.75,34.2285402,-0.0582,7.35,320,195,1042,38,30,0.1258
496,2021-05-11,0,30.64650243,1.679052234,42.31815542,,25577264.5,32.88995316,-0.0564,7.35,320,195,1042,38,30,0.1256
497,2021-05-12,0,29.56165021,1.415513469,47.43147811,,24580442.75,29.77325203,-0.0546,7.35,320,195,1042,38,30,0.1254
498,2021-05-13,0,27.28193118,2.39281462,58.84182251,,24157040.38,30.85768529,-0.0528,7.35,320,195,1042,38,30,0.1252
499,2021-05-14,0,29.87633031,1.132139464,44.94142905,,26296172,31.11048644,-0.051,7.35,320,195,1042,38,30,0.125
500,2021-05-15,0,30.89442406,1.279408818,39.94318319,,26254507.25,34.1711956,-0.0514,7.35,320,195,1042,38,30,0.1227
501,2021-05-16,0,32.25873718,1.309529317,32.09184293,,27807549,37.23190476,-0.0518,7.35,320,195,1042,38,30,0.1204
502,2021-05-17,0,31.57565079,2.112298407,35.06146454,,13678363.25,36.52670049,-0.0522,7.35,320,195,1042,38,30,0.1181
503,2021-05-18,0,25.70252062,2.062203068,58.893252,,7103225.75,35.82149623,-0.0526,7.35,320,195,1042,38,30,0.1158
504,2021-05-19,0,21.99813296,3.277248352,89.27561577,,3704461.25,35.11629196,-0.053,7.35,320,195,1042,38,30,0.1135
505,2021-05-20,0,25.67020442,1.67336872,69.68231604,,15717914.88,34.41108769,-0.0534,7.35,320,195,1042,38,30,0.1112
506,2021-05-21,0,28.14061,2.019970891,67.32762473,,25943339,33.70588342,-0.0538,7.35,320,195,1042,38,30,0.1089
507,2021-05-22,0,28.78472926,0.3740075713,62.24387292,,24973309.5,33.00067916,-0.0542,7.35,320,195,1042,38,30,0.1066
508,2021-05-23,0,28.48306491,2.205422006,48.62900199,,26996367,27.44117541,-0.0546,7.35,320,195,1042,38,30,0.1043
509,2021-05-24,0,29.19818967,4.398022228,36.40489832,,28311238,31.87113973,-0.055,7.35,320,195,1042,38,30,0.102
510,2021-05-25,0,29.91378047,3.564799591,32.23988843,,28784359.75,34.73833724,-0.0414,7.35,320,195,1042,38,30,0.104
511,2021-05-26,0,29.71669032,1.249089352,38.42596676,,28495501,33.81198283,-0.0278,7.35,320,195,1042,38,30,0.106
512,2021-05-27,0,30.88465398,0.60266549,42.26613512,,28429907.5,36.61513661,-0.0142,7.35,320,195,1042,38,30,0.108
513,2021-05-28,0,31.01934713,2.732129584,57.24210911,,27466362,31.36245902,-0.0006,7.35,320,195,1042,38,30,0.11
514,2021-05-29,0,30.95216649,3.813752297,56.1254134,,26954850,31.0035363,0.013,7.35,320,195,1042,38,30,0.112
515,2021-05-30,11.25861255,31.4765405,2.036869384,56.81722927,,26821167.75,26.94823105,-0.0086,7.35,320,195,1042,38,30,0.1246
516,2021-05-31,0,31.90297025,1.361560558,53.58895181,,26532595.25,28.42101911,-0.0302,7.35,320,195,1042,38,30,0.1372
517,2021-06-01,0,29.86691182,0.3548782453,56.80681347,,21521961.5,29.89380717,-0.0518,7.35,320,195,1042,38,30,0.1498
518,2021-06-02,0,30.44311994,0.5166813852,56.11437499,,24465365.25,31.36659523,-0.0734,7.35,320,195,1042,38,30,0.1624
519,2021-06-03,0,30.7642882,0.615980524,55.93745531,,24675018.25,32.83938329,-0.095,7.35,320,195,1042,38,30,0.175
520,2021-06-04,0,32.13428141,0.6345769072,48.72764302,,26068626,32.23155347,-0.0834,7.35,320,195,1042,38,30,0.161
521,2021-06-05,2.378584743,31.71162504,0.6412577761,53.04675771,,24674808.25,31.62372365,-0.0718,7.35,320,195,1042,38,30,0.147
522,2021-06-06,0,32.09319649,0.8648222024,50.4709296,,25225567,30.84133489,-0.0602,7.35,320,195,1042,38,30,0.133
523,2021-06-07,0,33.59385897,1.541437603,42.00901473,,24620960.5,34.41779079,-0.0486,7.35,320,195,1042,38,30,0.119
524,2021-06-08,0,35.69801102,4.528027152,32.07794878,,26448887.5,30.27543326,-0.037,7.35,320,195,1042,38,30,0.105
525,2021-06-09,0,36.07294108,1.428034757,37.59634493,,25138102,30.81059329,-0.03853,7.35,320,195,1042,38,30,0.111
526,2021-06-10,22.64629809,32.07147497,3.240944152,60.55382886,,21902733,28.82057762,-0.04007,7.35,320,195,1042,38,30,0.117
527,2021-06-11,2.084108233,32.81771685,2.38082721,56.90431721,,22341024.25,26.80185007,-0.0416,7.35,320,195,1042,38,30,0.123
528,2021-06-12,0,31.71993917,3.79207732,62.48429141,,22385687.25,24.78312253,-0.04313,7.35,320,195,1042,38,30,0.129
529,2021-06-13,0,30.96004003,1.375312385,61.65494301,,20690003.5,28.70763855,-0.04467,7.35,320,195,1042,38,30,0.135
530,2021-06-14,0,31.94296862,0.7309051099,55.03799906,,24724206.75,32.63215457,-0.0462,7.35,320,195,1042,38,30,0.141
531,2021-06-15,3.268445849,32.4640906,0.5745576316,54.20625272,,23164865.75,27.17785901,-0.04773,7.35,320,195,1042,38,30,0.147
532,2021-06-16,0,28.48876915,0.8334681672,73.63583624,,19500058.75,28.7539295,-0.04927,7.35,320,195,1042,38,30,0.153
533,2021-06-17,0,29.82682254,2.040700029,67.94683563,,23199686,30.33,-0.0508,7.35,320,195,1042,38,30,0.159
534,2021-06-18,2.680138886,28.71726507,2.698661907,70.51359956,,21097823.25,30.63199844,-0.05233,7.35,320,195,1042,38,30,0.165
535,2021-06-19,0,27.87265358,2.421151267,71.92196145,,19061183,30.93399688,-0.05387,7.35,320,195,1042,38,30,0.171
536,2021-06-20,0,28.07960281,2.19721909,73.23648526,,17316584.25,31.23599532,-0.0554,7.35,320,195,1042,38,30,0.177
537,2021-06-21,0,31.29612376,0.5927710666,60.70795809,,23744212,31.53799375,-0.05693,7.35,320,195,1042,38,30,0.183
538,2021-06-22,0,33.32379049,0.9655046626,47.23820139,,24781600.25,31.87235753,-0.05847,7.35,320,195,1042,38,30,0.189
539,2021-06-23,0,33.50735435,1.255521507,46.67399396,,25518274,32.13412178,-0.06,7.35,320,195,1042,38,30,0.195
540,2021-06-24,4.172385693,32.34297078,1.624350004,58.85871771,,23888003.75,29.19558252,-0.067,7.35,320,195,1042,38,30,0.1786
541,2021-06-25,17.05057522,32.77923609,0.3880049716,52.5887226,,24944972,30.03479313,-0.074,7.35,320,195,1042,38,30,0.1622
542,2021-06-26,1.648352265,31.69960874,1.040232373,58.68555398,,23388362.5,31.78945355,-0.081,7.35,320,195,1042,38,30,0.1458
543,2021-06-27,0,33.3079614,1.104377973,52.80591545,,23641957.25,32.66188915,-0.088,7.35,320,195,1042,38,30,0.1294
544,2021-06-28,0,34.3053566,0.7551383697,45.71022925,,25486971.75,33.53432475,-0.095,7.35,320,195,1042,38,30,0.113
545,2021-06-29,0,35.78254852,2.80915763,33.92277303,,26268113.25,31.30356753,-0.09307,7.35,320,195,1042,38,30,0.11162
546,2021-06-30,0,37.2597182,5.478965307,28.13189133,,25479289.5,34.92342701,-0.09113,7.35,320,195,1042,38,30,0.11024
547,2021-07-01,0,36.62521324,4.19384523,33.00498975,,23211717.5,30.04484778,-0.0892,7.59,112,80,1308,16.4,53.9,0.10887
548,2021-07-02,0,35.89190636,3.182307987,38.10410156,,23680455.5,30.20063232,-0.08727,7.59,112,80,1308,16.4,53.9,0.10749
549,2021-07-03,0,34.1535202,2.093826426,45.28005401,,22168013.5,29.13425595,-0.08533,7.59,112,80,1308,16.4,53.9,0.10611
550,2021-07-04,0,34.44809685,1.563125537,46.21407182,,24156064.75,28.06787958,-0.0834,7.59,112,80,1308,16.4,53.9,0.10473
551,2021-07-05,0,35.09125608,1.868097765,42.94127363,,24085935.5,32.66298985,-0.08147,7.59,112,80,1308,16.4,53.9,0.10336
552,2021-07-06,0,34.57966894,2.053306323,47.3744362,,21255766.63,33.91142077,-0.07953,7.59,112,80,1308,16.4,53.9,0.10198
553,2021-07-07,0,36.32761408,3.405495514,36.47329115,,23979566.38,35.15985168,-0.0776,7.59,112,80,1308,16.4,53.9,0.1006
554,2021-07-08,0,35.50372849,0.6142775102,40.96122825,,21752859,31.11679157,-0.07567,7.59,112,80,1308,16.4,53.9,0.09922
555,2021-07-09,0,33.0135081,2.817287595,57.29704516,,22884065,31.25264742,-0.07373,7.59,112,80,1308,16.4,53.9,0.09784
556,2021-07-10,0,33.57531764,2.623277916,55.41311701,,21914280.75,31.38850327,-0.0718,7.59,112,80,1308,16.4,53.9,0.09647
557,2021-07-11,11.37885779,31.50722656,4.281118149,66.71576474,,20028264.25,31.47476366,-0.06987,7.59,112,80,1308,16.4,53.9,0.09509
558,2021-07-12,0,30.7348362,4.334203879,67.78626386,,18190039.38,31.56102404,-0.06793,7.59,112,80,1308,16.4,53.9,0.09371
559,2021-07-13,9.287277281,29.94599241,2.68731504,74.27082989,,12933876.87,31.64728442,-0.066,7.59,112,80,1308,16.4,53.9,0.09233
560,2021-07-14,21.58709049,29.38643545,2.708367988,79.12457595,,13332401,31.73354481,-0.06407,7.59,112,80,1308,16.4,53.9,0.09096
561,2021-07-15,0,31.21744944,3.210690422,70.29806652,,20186365.5,31.81980519,-0.06213,7.59,112,80,1308,16.4,53.9,0.08958
562,2021-07-16,0,32.08425484,2.564702862,65.96291593,,21724005.25,31.90606557,-0.0602,7.59,112,80,1308,16.4,53.9,0.0882
563,2021-07-17,0.9269135197,32.37228483,0.6388880684,66.04889621,,20481730.25,31.733837,-0.05827,7.59,112,80,1308,16.4,53.9,0.08682
564,2021-07-18,52.83710527,29.16134605,0.7204661736,82.99534866,,12613573.63,31.56160843,-0.05633,7.59,112,80,1308,16.4,53.9,0.08544
565,2021-07-19,42.26968233,26.17801247,1.347254317,95.55156672,,1141346.375,31.38937986,-0.0544,7.59,112,80,1308,16.4,53.9,0.08407
566,2021-07-20,10.56742058,27.91584231,0.1680903024,87.69160476,,11971091.13,31.21715129,-0.05247,7.59,112,80,1308,16.4,53.9,0.08269
567,2021-07-21,0,28.72891388,0.4358407532,82.53206895,,17549506.5,31.04492272,-0.05053,7.59,112,80,1308,16.4,53.9,0.08131
568,2021-07-22,18.02219562,28.26792806,2.310387842,83.2042597,,18023142.63,30.87269415,-0.0486,7.59,112,80,1308,16.4,53.9,0.07993
569,2021-07-23,0,28.4357137,1.520706041,85.83598365,,13543093,30.70046557,-0.04667,7.59,112,80,1308,16.4,53.9,0.07856
570,2021-07-24,21.90547558,30.50026855,1.466792427,79.26486952,,20637677.88,30.528237,-0.04473,7.59,112,80,1308,16.4,53.9,0.07718
571,2021-07-25,0,31.03071683,1.902728089,73.28026537,,21168288.63,30.35600843,-0.0428,7.59,112,80,1308,16.4,53.9,0.0758
572,2021-07-26,24.16393987,28.81610387,1.353999881,85.7180159,,8637608.25,30.18377986,-0.04087,7.59,112,80,1308,16.4,53.9,0.07442
573,2021-07-27,20.13412313,27.67361603,1.684601694,89.93462384,,5739095.25,30.01155129,-0.03893,7.59,112,80,1308,16.4,53.9,0.07304
574,2021-07-28,72.48620097,26.54669851,1.388711089,91.62610418,,4666616.75,29.83932272,-0.037,7.59,112,80,1308,16.4,53.9,0.07167
575,2021-07-29,16.10897736,26.95059166,0.5979202679,89.96830036,,7340529.875,29.66709415,-0.03507,7.59,112,80,1308,16.4,53.9,0.07029
576,2021-07-30,18.12155024,26.14371198,1.423220917,92.6871155,,6583983.5,29.49486557,-0.03313,7.59,112,80,1308,16.4,53.9,0.06891
577,2021-07-31,0,28.31351751,1.877150289,85.4218338,,15257841.5,29.322637,-0.0312,7.59,112,80,1308,16.4,53.9,0.06753
578,2021-08-01,22.54607383,29.09811172,1.249015198,80.98079611,,17587453.38,29.15040843,-0.02927,7.75,314,100,772,16.4,50.94,0.06616
579,2021-08-02,0,27.73524755,1.312849938,86.75807042,,12115262,28.97817986,-0.02733,7.75,314,100,772,16.4,50.94,0.06478
580,2021-08-03,0,28.74181455,2.735930197,78.7973586,,19081709.88,28.80595129,-0.0254,7.75,314,100,772,16.4,50.94,0.0634
581,2021-08-04,0,28.81453412,2.881654732,76.80767177,,20651283.88,28.63372272,-0.02347,7.75,314,100,772,16.4,50.94,0.06202
582,2021-08-05,0,28.92064565,1.172497994,81.9487444,,20154974.13,28.46149415,-0.02153,7.75,314,100,772,16.4,50.94,0.06064
583,2021-08-06,0,29.98147926,0.9702912293,79.50142461,,21176559.88,28.28926557,-0.0196,7.75,314,100,772,16.4,50.94,0.05927
584,2021-08-07,25.5731767,28.50682538,1.063955106,86.69631424,,13332178.75,28.117037,-0.01767,7.75,314,100,772,16.4,50.94,0.05789
585,2021-08-08,17.04878408,28.56972593,1.228614541,85.35977475,,15269908.63,27.94480843,-0.01573,7.75,314,100,772,16.4,50.94,0.05651
586,2021-08-09,20.77302392,28.77791621,0.7746831236,84.96405579,,16581311.25,27.77257986,-0.0138,7.75,314,100,772,16.4,50.94,0.05513
587,2021-08-10,0,30.48048426,2.849520894,68.4768538,,23141851.38,27.60035129,-0.01187,7.75,314,100,772,16.4,50.94,0.05376
588,2021-08-11,0,30.35001462,3.764782582,63.06452586,,24604264.63,23.75184615,-0.00993,7.75,314,100,772,16.4,50.94,0.05238
589,2021-08-12,0,30.2138827,2.968696592,63.45947751,,23498737.5,26.99155844,-0.008,7.75,314,100,772,16.4,50.94,0.051
590,2021-08-13,0,30.53517113,3.354530929,61.91935416,,22321250.38,29.51805621,-0.0254,7.75,314,100,772,16.4,50.94,0.0746
591,2021-08-14,0,30.26071065,3.123527535,61.99700559,,22131409,24.28119438,-0.0428,7.75,314,100,772,16.4,50.94,0.0982
592,2021-08-15,0,30.17454936,2.538414725,62.54252274,,22895374.13,32.03552693,-0.0602,7.75,314,100,772,16.4,50.94,0.1218
593,2021-08-16,0,30.29212278,1.822175482,65.78047618,,22574574.75,25.42816284,-0.0776,7.75,314,100,772,16.4,50.94,0.1454
594,2021-08-17,0,30.92855606,0.9524604316,68.09095784,,22656833.5,30.80989071,-0.095,7.75,314,100,772,16.4,50.94,0.169
595,2021-08-18,0,30.80486259,0.871416864,71.7098211,,22442492.25,30.44451991,-0.0948,7.75,314,100,772,16.4,50.94,0.16696
596,2021-08-19,3.47238267,30.42285436,1.435273275,77.47016599,,20117319.38,29.79324969,-0.0946,7.75,314,100,772,16.4,50.94,0.16492
597,2021-08-20,15.60034174,27.0330972,2.604214048,88.93787035,,7512368.625,29.14197948,-0.0944,7.75,314,100,772,16.4,50.94,0.16288
598,2021-08-21,20.27671568,26.41719844,3.557236853,89.84792362,,7542820.125,28.49070927,-0.0942,7.75,314,100,772,16.4,50.94,0.16084
599,2021-08-22,0,27.94477552,1.875584557,85.36724736,,14261761.63,27.83943905,-0.094,7.75,314,100,772,16.4,50.94,0.1588
600,2021-08-23,4.354610523,29.04410833,0.4735998275,82.5684967,,18304080.88,27.18816884,-0.0938,7.75,314,100,772,16.4,50.94,0.15676
601,2021-08-24,27.79091295,28.59495506,0.4739089318,84.49138913,,10356910.5,26.53689863,-0.0936,7.75,314,100,772,16.4,50.94,0.15472
602,2021-08-25,0,30.0455986,3.898622209,62.22240233,,22287995.75,25.88562842,-0.0934,7.75,314,100,772,16.4,50.94,0.15268
603,2021-08-26,0,29.56108119,3.21323166,64.27299855,,20968610.63,26.81644809,-0.0932,7.75,314,100,772,16.4,50.94,0.15064
604,2021-08-27,0,29.56600914,1.927368,63.82777134,,20430750.63,27.74726776,-0.093,7.75,314,100,772,16.4,50.94,0.1486
605,2021-08-28,0,29.11252874,0.4946870741,71.32787183,,15971295.37,27.75391338,-0.0928,7.75,314,100,772,16.4,50.94,0.14656
606,2021-08-29,0,28.20117785,1.876621123,82.63479244,,16005246.38,27.76055901,-0.0926,7.75,314,100,772,16.4,50.94,0.14452
607,2021-08-30,0,27.39266993,2.712404912,83.25167583,,18170602.63,27.76720463,-0.0924,7.75,314,100,772,16.4,50.94,0.14248
608,2021-08-31,24.89427237,26.67442729,2.759737141,87.25323327,,14708063.63,27.77385025,-0.0922,7.75,314,100,772,16.4,50.94,0.14044
609,2021-09-01,42.91673207,25.66830406,1.782751356,92.70814202,,8149003.5,27.78049588,-0.092,7.31,312,196,644,14.4,25,0.1384
610,2021-09-02,20.96828095,27.46249669,1.289494922,87.16747041,,16660439.88,27.7871415,-0.0918,7.31,312,196,644,14.4,25,0.13636
611,2021-09-03,31.45242214,27.31743457,1.538072657,87.28847606,,15726401.25,27.79378712,-0.0916,7.31,312,196,644,14.4,25,0.13432
612,2021-09-04,23.96375004,27.86783244,0.7041176954,84.61244425,,12879857.25,27.80043275,-0.0914,7.31,312,196,644,14.4,25,0.13228
613,2021-09-05,0,27.99419047,0.6127671055,85.52361351,,16450129.25,27.80707837,-0.0912,7.31,312,196,644,14.4,25,0.13024
614,2021-09-06,0,29.37814674,1.138718841,81.59792832,,19176142.88,27.81372399,-0.091,7.31,312,196,644,14.4,25,0.1282
615,2021-09-07,24.90667216,28.19658114,2.989527919,82.90636683,,13876636.63,27.82036962,-0.0908,7.31,312,196,644,14.4,25,0.12616
616,2021-09-08,0,27.81142133,4.147055099,78.42835973,,15516057.5,27.82701524,-0.0906,7.31,312,196,644,14.4,25,0.12412
617,2021-09-09,0,27.06724256,2.950730155,84.55407466,,13988263,27.83366086,-0.0904,7.31,312,196,644,14.4,25,0.12208
618,2021-09-10,28.72363583,26.81545919,3.424160235,86.89880199,,14158021.13,27.84030649,-0.0902,7.31,312,196,644,14.4,25,0.12004
619,2021-09-11,48.04586474,26.02675781,3.204538281,91.61923062,,6924710.5,27.84695211,-0.09,7.31,312,196,644,14.4,25,0.118
620,2021-09-12,23.01622562,27.02181079,1.523068447,86.11583025,,11539451.75,27.85359773,-0.0898,7.31,312,196,644,14.4,25,0.11596
621,2021-09-13,23.01622562,27.05750745,1.339063233,88.487687,,12978349,27.86024336,-0.0896,7.31,312,196,644,14.4,25,0.11392
622,2021-09-14,0,28.83978106,2.402216066,76.60725041,,18608943.75,27.86688898,-0.0894,7.31,312,196,644,14.4,25,0.11188
623,2021-09-15,0,28.35830269,1.275199883,76.84135286,,17114893.75,27.8735346,-0.0892,7.31,312,196,644,14.4,25,0.10984
624,2021-09-16,0,27.11336734,1.580937807,81.11080623,,14916103.63,27.88018023,-0.089,7.31,312,196,644,14.4,25,0.1078
625,2021-09-17,0,26.58952675,2.717643872,83.48698211,,9347560.375,27.88682585,-0.0888,7.31,312,196,644,14.4,25,0.10576
626,2021-09-18,0,27.65748876,2.422476765,81.75371475,,17442392.88,27.89347147,-0.0886,7.31,312,196,644,14.4,25,0.10372
627,2021-09-19,0,28.04633675,2.329715505,80.85636919,,16946202.88,27.9001171,-0.0884,7.31,312,196,644,14.4,25,0.10168
628,2021-09-20,0,28.26759427,1.928046681,79.74223746,,17661412.5,29.30384643,-0.0882,7.31,312,196,644,14.4,25,0.09964
629,2021-09-21,27.34620285,27.74417076,2.281827169,82.36459184,,16702915.38,30.70757576,-0.088,7.31,312,196,644,14.4,25,0.0976
630,2021-09-22,27.34620285,25.85117111,1.93239117,89.51962999,,9356763.625,30.0707372,-0.0878,7.31,312,196,644,14.4,25,0.09556
631,2021-09-23,39.86702375,27.12176793,2.23095449,82.86288541,,16477513.3,29.43389864,-0.0876,7.31,312,196,644,14.4,25,0.09352
632,2021-09-24,0,26.25868505,2.121990328,85.16629165,,14564327.06,28.79706008,-0.0874,7.31,312,196,644,14.4,25,0.09148
633,2021-09-25,0,27.02660077,1.945217946,81.11773317,,17947529.25,28.16022152,-0.0872,7.31,312,196,644,14.4,25,0.08944
634,2021-09-26,0,26.45574532,2.206974106,84.80526981,,14696247.5,29.05081724,-0.087,7.31,312,196,644,14.4,25,0.0874
635,2021-09-27,0,28.13574498,1.527176615,79.18947235,,18088479.81,29.94141296,-0.0868,7.31,312,196,644,14.4,25,0.08536
636,2021-09-28,0,27.90274264,2.849259154,80.84825691,,17752630,31.39203523,-0.0866,7.31,312,196,644,14.4,25,0.08332
637,2021-09-29,0,28.16231054,2.728645715,79.63411369,,18305463.75,30.98081761,-0.0864,7.31,312,196,644,14.4,25,0.08128
638,2021-09-30,0,27.73271523,1.283574398,83.84522232,,17446220.63,30.5696,-0.0862,7.31,312,196,644,14.4,25,0.07924
639,2021-10-01,0,28.08593521,0.2424853657,81.61097407,,17018151.63,30.55822311,-0.086,6.6,688,160,508,18.4,32.4,0.0772
640,2021-10-02,0,28.24434751,1.203060955,80.36057627,,16701382.44,30.54684621,-0.0858,6.6,688,160,508,18.4,32.4,0.07516
641,2021-10-03,0,28.49382426,2.469175344,75.64259443,,17065985.56,30.99051522,-0.0856,6.6,688,160,508,18.4,32.4,0.07312
642,2021-10-04,5.035798063,28.58424212,1.123639595,72.38841779,,18316723.88,31.43418423,-0.0854,6.6,688,160,508,18.4,32.4,0.07108
643,2021-10-05,0,27.61298841,0.9759098806,78.71760574,,15637672.81,26.95552402,-0.0852,6.6,688,160,508,18.4,32.4,0.06904
644,2021-10-06,5.5379499,27.20878118,1.696652452,77.4960702,,17801865.38,29.76207612,-0.085,6.6,688,160,508,18.4,32.4,0.067
645,2021-10-07,0,26.43780924,1.875752609,74.1946138,,19322230.46,29.81967994,-0.106,6.6,688,160,508,18.4,32.4,0.0962
646,2021-10-08,0,26.82672208,1.37228726,69.11478904,,19459979.31,29.7717018,-0.127,6.6,688,160,508,18.4,32.4,0.1254
647,2021-10-09,0,27.03994967,1.300446947,66.90567281,,19713742.31,31.79615144,-0.148,6.6,688,160,508,18.4,32.4,0.1546
648,2021-10-10,0,26.97944667,0.6688681286,68.30200169,,19481409.13,30.53777518,-0.169,6.6,688,160,508,18.4,32.4,0.1838
649,2021-10-11,5.003243069,26.68898354,0.3667811026,64.84864667,,19634971,32.62230289,-0.19,6.6,688,160,508,18.4,32.4,0.213
650,2021-10-12,0,26.56698888,1.28599129,61.74804392,,19576654.25,31.83291959,-0.1712,6.6,688,160,508,18.4,32.4,0.1836
651,2021-10-13,0,25.2295166,2.76774115,57.40930437,,19911445.5,31.37262295,-0.1524,6.6,688,160,508,18.4,32.4,0.1542
652,2021-10-14,0,24.74623833,2.832749889,58.84917644,,19770086.5,30.12484778,-0.1336,6.6,688,160,508,18.4,32.4,0.1248
653,2021-10-15,0,25.80841535,1.02913421,62.62998262,,19339776.5,30.0020687,-0.1148,6.6,688,160,508,18.4,32.4,0.0954
654,2021-10-16,0,26.25745481,1.253109987,69.6860123,,18759106.38,30.3647541,-0.096,6.6,688,160,508,18.4,32.4,0.066
655,2021-10-17,0,25.52977905,1.877500747,82.35964645,,12930589,29.13397518,-0.0886,6.6,688,160,508,18.4,32.4,0.0788
656,2021-10-18,11.32272472,21.35545184,2.073079173,92.17967893,,2910713,27.90319625,-0.0812,6.6,688,160,508,18.4,32.4,0.0916
657,2021-10-19,0,23.52799377,2.608718052,78.18907662,,17284319,26.67241733,-0.0738,6.6,688,160,508,18.4,32.4,0.1044
658,2021-10-20,0,23.62670288,2.686615083,67.07127289,,18657600.25,27.3108587,-0.0664,6.6,688,160,508,18.4,32.4,0.1172
659,2021-10-21,0,22.86410039,3.311584326,53.94327621,,19105407,26.79179547,-0.059,6.6,688,160,508,18.4,32.4,0.13
660,2021-10-22,0,23.31870295,1.838665861,63.06509342,,18611687.25,26.58106948,-0.056,6.6,688,160,508,18.4,32.4,0.125
661,2021-10-23,0,23.19678268,1.597737509,68.87748846,,18081203.5,28.16150664,-0.053,6.6,688,160,508,18.4,32.4,0.12
662,2021-10-24,0,21.97345505,1.752703715,77.92328125,,13534683.5,26.51906323,-0.05,6.6,688,160,508,18.4,32.4,0.115
663,2021-10-25,0,22.08379326,2.109306699,74.19250016,,16290020.5,24.87661983,-0.047,6.6,688,160,508,18.4,32.4,0.11
664,2021-10-26,0,20.40889575,2.324801929,70.68380712,,18087058.75,23.88598751,-0.044,6.6,688,160,508,18.4,32.4,0.105
665,2021-10-27,0,20.40993144,2.534219216,64.98034783,,17950586.25,24.73697892,-0.0374,6.6,688,160,508,18.4,32.4,0.1006
666,2021-10-28,0,20.2091067,2.269942192,68.57150304,,17922496,25.40181889,-0.0308,6.6,688,160,508,18.4,32.4,0.0962
667,2021-10-29,0,20.32284381,1.97513398,66.93194651,,17848109.5,26.31334114,-0.0242,6.6,688,160,508,18.4,32.4,0.0918
668,2021-10-30,0,20.65960019,2.982165926,60.357218,,17955521.25,26.01967994,-0.0176,6.6,688,160,508,18.4,32.4,0.0874
669,2021-10-31,0,21.04379298,1.463227191,60.86254094,,17652577,24.49941452,-0.011,6.6,688,160,508,18.4,32.4,0.083
670,2021-11-01,0,21.37142334,2.207100078,61.81703302,,17462789.75,25.51477752,-0.018,6.6,688,160,508,18.4,32.4,0.0764
671,2021-11-02,0,21.16030782,2.611704289,64.5963158,,16959110,24.38830601,-0.025,6.6,688,160,508,18.4,32.4,0.0698
672,2021-11-03,0,21.27615191,1.281645647,66.33267985,,16724319.75,23.2618345,-0.032,6.6,688,160,508,18.4,32.4,0.0632
673,2021-11-04,0,21.29157918,0.5853918933,68.66835889,,16325692.5,23.45804059,-0.039,6.6,688,160,508,18.4,32.4,0.0566
674,2021-11-05,0,20.0542942,1.514876516,68.03309187,,16235958.5,22.11637002,-0.046,6.6,688,160,508,18.4,32.4,0.05
675,2021-11-06,0,20.75617752,3.225800382,57.8221346,,16881027.5,23.47059329,-0.053,6.6,688,160,508,18.4,32.4,0.0434
676,2021-11-07,0,20.13848775,2.533244998,61.90311118,,16830867.5,23.27204528,-0.06,6.6,688,160,508,18.4,32.4,0.0368
677,2021-11-08,0,20.38063202,2.741447706,57.7940149,,16822161.5,24.27508977,-0.067,6.6,688,160,508,18.4,32.4,0.0302
678,2021-11-09,0,19.82388903,1.853241441,63.20541156,,16646416.25,23.47521468,-0.074,6.6,688,160,508,18.4,32.4,0.0236
679,2021-11-10,0,19.85706291,1.808474488,63.14068075,,16634325.5,23.98019516,-0.081,6.6,688,160,508,18.4,32.4,0.017
680,2021-11-11,0,19.8030201,1.118650491,65.49205223,,16496435.25,21.99396565,-0.0772,6.6,688,160,508,18.4,32.4,0.0274
681,2021-11-12,0,19.28318494,1.621442001,65.22440554,,16373593.5,20.82600312,-0.0734,6.6,688,160,508,18.4,32.4,0.0378
682,2021-11-13,0,18.44646225,2.079482129,62.12751086,,16327425.75,23.92539422,-0.0696,6.6,688,160,508,18.4,32.4,0.0482
683,2021-11-14,0,18.17422066,1.013321671,59.91942276,,16399671.75,22.98959407,-0.0658,6.6,688,160,508,18.4,32.4,0.0586
684,2021-11-15,0,17.75936216,1.966590065,60.55305995,,16187606.75,22.5725605,-0.062,6.6,688,160,508,18.4,32.4,0.069
685,2021-11-16,0,17.22496821,1.884896553,63.05042291,,16233040,22.71697892,-0.0154,6.6,688,160,508,18.4,32.4,0.0757
686,2021-11-17,0,17.87337456,0.7077121532,63.48067217,,15979893,22.48812646,0.0312,6.6,688,160,508,18.4,32.4,0.0824
687,2021-11-18,0,18.25272713,0.6482294505,64.181793,,15663685.25,22.46455113,0.0778,6.6,688,160,508,18.4,32.4,0.0891
688,2021-11-19,0,18.60197474,1.427564125,62.61680535,,15044695.25,22.4409758,0.1244,6.6,688,160,508,18.4,32.4,0.0958
689,2021-11-20,0,18.3534771,1.648069212,61.63945134,,10863407.25,22.48284153,0.171,6.6,688,160,508,18.4,32.4,0.1025
690,2021-11-21,0,18.26914749,2.885367203,55.7094368,,15593353.5,22.52470726,0.2176,6.6,688,160,508,18.4,32.4,0.1092
691,2021-11-22,0,18.16648318,3.676937308,46.02274508,,15941215.25,23.14692428,0.2642,6.6,688,160,508,18.4,32.4,0.1159
692,2021-11-23,0,18.18150419,1.359601235,55.04148289,,15618040.25,21.22639344,0.3108,6.6,688,160,508,18.4,32.4,0.1226
693,2021-11-24,0,17.91292725,1.667465676,61.31089109,,15328819.25,21.8636612,0.3574,6.6,688,160,508,18.4,32.4,0.1293
694,2021-11-25,0,17.88384082,1.323733365,66.89117815,,14901630.75,20.44413547,0.404,6.6,688,160,508,18.4,32.4,0.136
695,2021-11-26,0,18.25229543,1.388351301,69.02908794,,14814551.5,20.9259719,0.37507,6.6,688,160,508,18.4,32.4,0.12953
696,2021-11-27,0,18.77724037,2.288428804,71.66430523,,14553959.75,20.94120999,0.34613,6.6,688,160,508,18.4,32.4,0.12307
697,2021-11-28,0,18.62869987,0.9406199034,75.39250055,,14229034.75,20.91391881,0.3172,6.6,688,160,508,18.4,32.4,0.1166
698,2021-11-29,0,18.08028247,2.737201665,62.43499354,,14870344.75,21.95555816,0.28827,6.6,688,160,508,18.4,32.4,0.11013
699,2021-11-30,0,17.6296828,2.297526373,61.82999248,,14161560,17.57350181,0.25933,6.6,688,160,508,18.4,32.4,0.10367
700,2021-12-01,0,17.21668078,1.589790818,68.34203726,,7973597.5,17.41672359,0.2304,7.7,636,220,508,14.8,58.6,0.0972
701,2021-12-02,0.4980299373,16.48256709,2.719013931,74.11905859,,3389481.25,17.25994537,0.20147,7.7,636,220,508,14.8,58.6,0.09073
702,2021-12-03,0,16.82149849,1.430011795,74.81712705,,8430010.75,17.10316715,0.17253,7.7,636,220,508,14.8,58.6,0.08427
703,2021-12-04,0,18.38774643,1.302268482,68.12351577,,14065047,16.94638893,0.1436,7.7,636,220,508,14.8,58.6,0.0778
704,2021-12-05,0,18.9563544,0.7624010118,73.66782666,,11909914.5,16.78961071,0.11467,7.7,636,220,508,14.8,58.6,0.07133
705,2021-12-06,3.940815359,17.64442914,1.801804553,79.37447202,,12362837,18.88646421,0.08573,7.7,636,220,508,14.8,58.6,0.06487
706,2021-12-07,0,16.63462855,2.803879818,64.92593707,,14420850.75,20.98331772,0.0568,7.7,636,220,508,14.8,58.6,0.0584
707,2021-12-08,0,15.68519491,1.96478528,65.55390029,,14441367.5,21.00464481,0.02787,7.7,636,220,508,14.8,58.6,0.05193
708,2021-12-09,0,15.6877107,1.528650279,68.61964538,,14269457.75,18.96044496,-0.00107,7.7,636,220,508,14.8,58.6,0.04547
709,2021-12-10,0,15.51800245,2.579113205,63.37302275,,14237061.25,19.56948478,-0.03,7.7,636,220,508,14.8,58.6,0.039
710,2021-12-11,0,14.77073758,2.173516008,62.8235622,,14471131.25,19.34773614,-0.0318,7.7,636,220,508,14.8,58.6,0.0362
711,2021-12-12,0,14.77482567,0.2914772116,65.09159259,,14000444.75,18.2008509,-0.0336,7.7,636,220,508,14.8,58.6,0.0334
712,2021-12-13,0,14.2989371,0.945236325,69.29886123,,11165893,17.89776737,-0.0354,7.7,636,220,508,14.8,58.6,0.0306
713,2021-12-14,0,14.54719442,1.357101701,72.89036774,,13320115.25,17.59468384,-0.0372,7.7,636,220,508,14.8,58.6,0.0278
714,2021-12-15,0,14.15920601,1.974169669,62.2301556,,14294713.75,20.11,-0.039,7.7,636,220,508,14.8,58.6,0.025
715,2021-12-16,0,14.33172824,2.181730701,64.56692666,,10300611,16.53472924,-0.0332,7.7,636,220,508,14.8,58.6,0.0246
716,2021-12-17,0,12.44692128,3.555866159,52.28024951,,14636848.25,17.43760343,-0.0274,7.7,636,220,508,14.8,58.6,0.0242
717,2021-12-18,0,11.96924871,3.897117702,55.03951902,,14490401.25,16.63355972,-0.0216,7.7,636,220,508,14.8,58.6,0.0238
718,2021-12-19,0,11.6963033,3.26284832,58.48319375,,14642073.25,15.829516,-0.0158,7.7,636,220,508,14.8,58.6,0.0234
719,2021-12-20,0,11.92941945,1.853419103,61.51441432,,14448196.5,16.23491023,-0.01,7.7,636,220,508,14.8,58.6,0.023
720,2021-12-21,0,12.47925466,1.355354744,66.21522057,,14151857.75,16.64030445,-0.016,7.7,636,220,508,14.8,58.6,0.0226
721,2021-12-22,0,13.19240278,0.8478769835,67.40633715,,14037687.5,17.87033727,-0.022,7.7,636,220,508,14.8,58.6,0.0222
722,2021-12-23,0,14.38200404,1.936987774,69.75425074,,12865482.5,16.03165496,-0.028,7.7,636,220,508,14.8,58.6,0.0218
723,2021-12-24,3.639180144,14.94983699,1.779799425,71.21536129,,13594139,17.1659719,-0.034,7.7,636,220,508,14.8,58.6,0.0214
724,2021-12-25,0,14.86130295,1.106996171,75.30602649,,13809680.25,17.28524715,-0.04,7.7,636,220,508,14.8,58.6,0.021
725,2021-12-26,0,15.15481656,1.864669357,81.60407925,,6762854.5,16.66317393,-0.03977,7.7,636,220,508,14.8,58.6,0.02263
726,2021-12-27,0,14.85412178,1.401053632,74.26931449,,12975976.75,16.0411007,-0.03954,7.7,636,220,508,14.8,58.6,0.02426
727,2021-12-28,0.5131600797,13.8190787,0.5355928561,80.95226737,,8390037.5,16.88075712,-0.03931,7.7,636,220,508,14.8,58.6,0.02589
728,2021-12-29,0,12.68785884,1.948922469,71.86213856,,13221148.5,17.72041353,-0.03909,7.7,636,220,508,14.8,58.6,0.02751
729,2021-12-30,0,11.31553421,1.896280175,60.52141191,,12448114,10.56548736,-0.03886,7.7,636,220,508,14.8,58.6,0.02914
730,2021-12-31,0,11.31092415,2.084957332,67.59777177,,14507949,14.35626073,-0.03863,7.7,636,220,508,14.8,58.6,0.03077
731,2022-01-01,0,11.6225722,1.618223011,72.1930788,,14403264.5,15.65210773,-0.0384,7.7,636,220,508,14.8,58.6,0.0324
732,2022-01-02,0,12.06995227,1.684492119,72.3260016,,13604135,14.64726776,-0.03817,7.7,636,220,508,14.8,58.6,0.03403
733,2022-01-03,0,13.18957609,1.732736331,71.95507823,,14230336.75,16.61010929,-0.03794,7.7,636,220,508,14.8,58.6,0.03566
734,2022-01-04,30.20800368,15.24630318,0.3529463849,68.3720272,,13498579.75,16.51638318,-0.03771,7.7,636,220,508,14.8,58.6,0.03729
735,2022-01-05,0,13.83459752,2.144911375,88.73539269,,2211447.5,16.42265707,-0.03749,7.7,636,220,508,14.8,58.6,0.03891
736,2022-01-06,0,15.41779734,2.611183979,81.9913823,,7767344.75,16.32893096,-0.03726,7.7,636,220,508,14.8,58.6,0.04054
737,2022-01-07,20.26391315,16.35722885,3.728221145,82.96897357,,7159217.5,16.31624299,-0.03703,7.7,636,220,508,14.8,58.6,0.04217
738,2022-01-08,16.65411719,15.6919164,3.194979373,94.1122086,,3745136.25,16.30355503,-0.0368,7.7,636,220,508,14.8,58.6,0.0438
739,2022-01-09,0,13.65804507,2.404237614,88.88472156,,6350440.75,16.29086707,-0.03657,7.7,636,220,508,14.8,58.6,0.04543
740,2022-01-10,0,11.88012657,2.454484505,75.59867325,,11437558,16.2781791,-0.03634,7.7,636,220,508,14.8,58.6,0.04706
741,2022-01-11,0,12.66669362,2.619768789,73.92849066,,12684923.5,16.19234192,-0.03611,7.7,636,220,508,14.8,58.6,0.04869
742,2022-01-12,0,13.24360046,1.776884406,77.74894852,,11094452.5,16.19587354,-0.03589,7.7,636,220,508,14.8,58.6,0.05031
743,2022-01-13,0,13.11416906,0.3099008492,76.76691823,,10615314.5,16.19940515,-0.03566,7.7,636,220,508,14.8,58.6,0.05194
744,2022-01-14,0,12.53782043,1.530870134,79.28858158,,10070954.75,16.20293677,-0.03543,7.7,636,220,508,14.8,58.6,0.05357
745,2022-01-15,0,11.84288623,1.758636446,80.42556083,,14892262,16.20646838,-0.0352,7.7,636,220,508,14.8,58.6,0.0552
746,2022-01-16,0,11.65255826,0.985541218,80.75462015,,13933132.75,16.21,-0.03497,7.7,636,220,508,14.8,58.6,0.05683
747,2022-01-17,0,10.40695343,0.761970672,82.78900188,,11713096.25,15.88180511,-0.03474,7.7,636,220,508,14.8,58.6,0.05846
748,2022-01-18,0,11.00325038,2.125300478,83.65584644,,15080226.5,15.55361022,-0.03451,7.7,636,220,508,14.8,58.6,0.06009
749,2022-01-19,0,11.76054789,0.8211235524,86.38438943,,12158460.75,15.22541534,-0.03429,7.7,636,220,508,14.8,58.6,0.06171
750,2022-01-20,0,12.42313156,1.506107877,84.60743327,,11668358.5,14.89722045,-0.03406,7.7,636,220,508,14.8,58.6,0.06334
751,2022-01-21,0,13.16312052,2.104882374,78.71817232,,12314677.75,14.56902556,-0.03383,7.7,636,220,508,14.8,58.6,0.06497
752,2022-01-22,0,13.231368,4.863207381,87.19232449,,5127117.75,14.24083067,-0.0336,7.7,636,220,508,14.8,58.6,0.0666
753,2022-01-23,0,11.94882991,0.7066357683,88.08425709,,4335361,13.91263578,-0.03337,7.7,636,220,508,14.8,58.6,0.06823
754,2022-01-24,0,11.45333252,1.824697666,78.27597955,,11373188.75,13.58444089,-0.03314,7.7,636,220,508,14.8,58.6,0.06986
755,2022-01-25,0,11.22102954,2.208082207,78.76194863,,12227151.25,14.29375685,-0.03291,7.7,636,220,508,14.8,58.6,0.07149
756,2022-01-26,0,11.32496223,2.624922794,77.15217161,,12304978.25,15.0030728,-0.03269,7.7,636,220,508,14.8,58.6,0.07311
757,2022-01-27,0,11.70700989,3.370425005,72.22147079,,15722040.75,15.71238876,-0.03246,7.7,636,220,508,14.8,58.6,0.07474
758,2022-01-28,0,11.6938104,3.330919586,68.74069103,,16966978.25,16.28075722,-0.03223,7.7,636,220,508,14.8,58.6,0.07637
759,2022-01-29,0,12.84665006,2.658665144,72.03005841,,16725534,17.38309914,-0.032,7.7,636,220,508,14.8,58.6,0.078
760,2022-01-30,0,13.97329547,3.450090905,73.09000377,,16956305.75,17.84765808,-0.0294,7.7,636,220,508,14.8,58.6,0.0725
761,2022-01-31,0,13.78680255,0.7145203701,80.58549074,,16856023.75,16.90086651,-0.0268,7.7,636,220,508,14.8,58.6,0.067
762,2022-02-01,0,14.17932281,2.466219223,81.40919527,,15483511,17.18307692,-0.0242,7.2,642,222,502,36.8,58,0.0615
763,2022-02-02,0,14.7256307,1.268748616,73.76550163,,17138993.5,17.12512881,-0.0216,7.2,642,222,502,36.8,58,0.056
764,2022-02-03,0.5423930784,12.89250336,2.223254656,88.96807809,,6830495.25,16.94040333,-0.019,7.2,642,222,502,36.8,58,0.0505
765,2022-02-04,0,11.82881699,2.887457271,81.9257061,,9258867.5,16.75567786,-0.0164,7.2,642,222,502,36.8,58,0.045
766,2022-02-05,0,11.53022474,0.754550225,82.83347817,,15232642.75,16.57095238,-0.0138,7.2,642,222,502,36.8,58,0.0395
767,2022-02-06,0,12.72034988,0.5227717505,76.75716182,,17815091.25,17.13387198,-0.0112,7.2,642,222,502,36.8,58,0.034
768,2022-02-07,0,15.61308187,1.586039665,75.7101536,,17405507.5,17.69679157,-0.0086,7.2,642,222,502,36.8,58,0.0285
769,2022-02-08,0,16.04078382,1.072007936,79.62911442,,16238915.25,19.72432314,-0.006,7.2,642,222,502,36.8,58,0.023
770,2022-02-09,0,13.87323341,1.507953128,83.74832695,,12382913.75,14.20441065,-0.012,7.2,642,222,502,36.8,58,0.0232
771,2022-02-10,0,13.75701421,2.813920907,69.79287976,,16455070,18.94659641,-0.018,7.2,642,222,502,36.8,58,0.0234
772,2022-02-11,0,14.22291527,3.828681792,63.13068243,,18732233.75,19.23327869,-0.024,7.2,642,222,502,36.8,58,0.0236
773,2022-02-12,0,14.19514809,2.575827035,65.8300302,,19102832.75,19.79096799,-0.03,7.2,642,222,502,36.8,58,0.0238
774,2022-02-13,5.216375311,14.76997083,0.6593323275,69.9528393,,18787397.25,20.87682279,-0.036,7.2,642,222,502,36.8,58,0.024
775,2022-02-14,0,15.3153848,0.5303407025,68.64988924,,18829798,20.91404372,-0.0392,7.2,642,222,502,36.8,58,0.0298
776,2022-02-15,0,16.19028244,0.2994193709,66.8596186,,18704767.25,21.30294301,-0.0424,7.2,642,222,502,36.8,58,0.0356
777,2022-02-16,6.264369299,16.24060211,1.827461023,70.8855093,,18655622,21.61465262,-0.0456,7.2,642,222,502,36.8,58,0.0414
778,2022-02-17,0,16.20389328,1.288046888,68.21754616,,18623296.13,22.98965652,-0.0488,7.2,642,222,502,36.8,58,0.0472
779,2022-02-18,0,16.94060351,1.809172709,61.83880857,,18817436,23.21430913,-0.052,7.2,642,222,502,36.8,58,0.053
780,2022-02-19,0,16.67629458,3.132049523,60.72206405,,19635795.5,23.22486339,-0.0539,7.2,642,222,502,36.8,58,0.0511
781,2022-02-20,0,16.7231575,3.73373409,57.17134366,,19074205.5,21.64163154,-0.0558,7.2,642,222,502,36.8,58,0.0492
782,2022-02-21,0,16.37910233,0.209812772,58.34935218,,20234018,22.42559719,-0.0577,7.2,642,222,502,36.8,58,0.0473
783,2022-02-22,0,19.13809675,5.591150019,56.35890725,,19681066,22.25698673,-0.0596,7.2,642,222,502,36.8,58,0.0454
784,2022-02-23,0,17.72278493,2.702748359,73.58100391,,18819849,22.08837627,-0.0615,7.2,642,222,502,36.8,58,0.0435
785,2022-02-24,0,18.0749527,0.9668803731,72.48436831,,16973509.5,21.91976581,-0.0634,7.2,642,222,502,36.8,58,0.0416
786,2022-02-25,8.071314077,18.74846102,2.098238059,68.44079062,,19055372.63,21.75115535,-0.0653,7.2,642,222,502,36.8,58,0.0397
787,2022-02-26,0,18.01640854,4.032646254,61.27078566,,19498972.25,18.430955,-0.0672,7.2,642,222,502,36.8,58,0.0378
788,2022-02-27,0,17.17658641,2.547601838,62.04012548,,20091242.88,21.53989852,-0.0691,7.2,642,222,502,36.8,58,0.0359
789,2022-02-28,0,16.19547488,2.68790973,62.43535458,,21257862.25,22.40010148,-0.071,7.2,642,222,502,36.8,58,0.034
790,2022-03-01,0,17.03343925,1.672772874,62.34320004,,21012233.38,22.18286495,-0.0674,7.2,642,222,502,36.8,58,0.0342
791,2022-03-02,0,18.20717138,1.510056735,62.9312766,,21021997.25,23.7021936,-0.0638,7.2,642,222,502,36.8,58,0.0344
792,2022-03-03,0,19.2419309,1.210230565,67.56059911,,19390751.38,23.24045277,-0.0602,7.2,642,222,502,36.8,58,0.0346
793,2022-03-04,0,19.13224119,3.238765104,66.72701597,,20105726.58,22.77871194,-0.0566,7.2,642,222,502,36.8,58,0.0348
794,2022-03-05,0,18.81085294,3.251724798,61.82945136,,21631312.66,24.49156128,-0.053,7.2,642,222,502,36.8,58,0.035
795,2022-03-06,0,19.41442579,0.2665426666,63.84938436,,18511451.06,24.66099141,-0.0406,7.2,642,222,502,36.8,58,0.0268
796,2022-03-07,0,20.37244568,0.9181319645,62.66802417,,20177692.69,24.83042155,-0.0282,7.2,642,222,502,36.8,58,0.0186
797,2022-03-08,0,21.08429298,2.496079359,59.01416041,,21885499.63,26.41612022,-0.0158,7.2,642,222,502,36.8,58,0.0104
798,2022-03-09,0,22.12800624,2.688162285,52.30394128,,21474953.56,27.20392662,-0.0034,7.2,642,222,502,36.8,58,0.0022
799,2022-03-10,0,21.84044291,2.815560614,54.8866296,,21839762.63,25.49043716,0.009,7.2,642,222,502,36.8,58,-0.006
800,2022-03-11,0,21.61302465,3.054746522,53.53330117,,22453974.56,26.4275644,0.0342,7.2,642,222,502,36.8,58,0.0192
801,2022-03-12,0,21.9845857,2.689634225,53.00684183,,22861227.88,28.17273224,0.0594,7.2,642,222,502,36.8,58,0.0444
802,2022-03-13,0,23.83067538,1.985031028,58.51361427,,22265443.69,27.77864949,0.0846,7.2,642,222,502,36.8,58,0.0696
803,2022-03-14,0,24.95365804,0.8154722018,61.39314479,,22459433.69,29.39374707,0.1098,7.2,642,222,502,36.8,58,0.0948
804,2022-03-15,0,25.98643901,2.58354847,58.69017759,,22400312.75,30.32711163,0.135,7.2,642,222,502,36.8,58,0.12
805,2022-03-16,0,26.87639135,3.605542175,51.81859991,,22809075.44,30.08181889,0.11,7.2,642,222,502,36.8,58,0.1094
806,2022-03-17,0,26.38122203,1.139040239,63.80225017,,22786820.31,30.01480874,0.085,7.2,642,222,502,36.8,58,0.0988
807,2022-03-18,0,27.13030014,2.621680273,60.16234977,,22629976.63,30.32419204,0.06,7.2,642,222,502,36.8,58,0.0882
808,2022-03-19,0,27.09996376,1.636015617,58.02619232,,22967867.63,31.01126464,0.035,7.2,642,222,502,36.8,58,0.0776
809,2022-03-20,0,27.96209424,0.5509080391,51.96253097,,23047589.7,31.36581577,0.01,7.2,642,222,502,36.8,58,0.067
810,2022-03-21,0,27.65095545,2.782491949,47.32856935,,23160215.18,29.57126464,0.0038,7.2,642,222,502,36.8,58,0.065
811,2022-03-22,0,26.63993861,3.502188959,39.31736813,,24364641.88,31.57883685,-0.0024,7.2,642,222,502,36.8,58,0.063
812,2022-03-23,0,26.51607793,1.354196199,43.24327357,,23712922.63,31.18739266,-0.0086,7.2,642,222,502,36.8,58,0.061
813,2022-03-24,0,26.61726341,2.020440758,38.39340397,,24335705.88,30.6342623,-0.0148,7.2,642,222,502,36.8,58,0.059
814,2022-03-25,0,26.06304194,3.064433599,36.1684374,,24523326.5,30.93137393,-0.021,7.2,642,222,502,36.8,58,0.057
815,2022-03-26,0,26.88301875,4.532071111,30.24564204,,24937980.5,29.98965652,-0.0204,7.2,642,222,502,36.8,58,0.0606
816,2022-03-27,0,27.18809217,2.532429359,34.6648699,,25092414,31.27049961,-0.0198,7.2,642,222,502,36.8,58,0.0642
817,2022-03-28,0,27.58779869,1.863946738,35.76379482,,25104073.75,32.60127244,-0.0192,7.2,642,222,502,36.8,58,0.0678
818,2022-03-29,0,28.02612775,2.343016133,35.03648029,,25226521.75,33.63777518,-0.0186,7.2,642,222,502,36.8,58,0.0714
819,2022-03-30,0,28.04237328,0.8620940652,40.47825651,,25023567.13,33.27933646,-0.018,7.2,642,222,502,36.8,58,0.075
820,2022-03-31,0,29.35580788,1.031828424,38.36298623,,24869215.88,31.3562139,-0.0114,7.2,642,222,502,36.8,58,0.0732
821,2022-04-01,0,27.42835642,3.022506656,26.76611043,,26016192.38,33.4932943,-0.0048,7.3,580,216,540,40.8,60,0.0714
822,2022-04-02,0,28.45824458,0.4877010003,28.35606389,,25783345.63,33.23348165,0.0018,7.3,580,216,540,40.8,60,0.0696
823,2022-04-03,0,28.59099286,0.6153301143,25.33528883,,26220501.63,33.99696331,0.0084,7.3,580,216,540,40.8,60,0.0678
824,2022-04-04,0,28.54667053,2.628051284,26.79554309,,26137414.5,31.2862217,0.015,7.3,580,216,540,40.8,60,0.066
825,2022-04-05,0,28.62936999,2.266405407,25.34321674,,26259586.25,34.52105386,0.0026,7.3,580,216,540,40.8,60,0.082
826,2022-04-06,0,29.16432851,2.416110899,26.59996289,,26139753.25,34.49035909,-0.0098,7.3,580,216,540,40.8,60,0.098
827,2022-04-07,0,29.5400444,2.139866764,28.33483439,,26061196.75,35.27423107,-0.0222,7.3,580,216,540,40.8,60,0.114
828,2022-04-08,0,30.56508662,1.286096287,26.8563965,,26259367,35.29240437,-0.0346,7.3,580,216,540,40.8,60,0.13
829,2022-04-09,0,31.45970688,1.528700803,24.2237692,,25003693.88,35.69704137,-0.047,7.3,580,216,540,40.8,60,0.146
830,2022-04-10,0,31.48653501,2.864464289,24.01490093,,26365409.88,35.31115535,-0.0304,7.3,580,216,540,40.8,60,0.141
831,2022-04-11,0,31.9592008,2.063838486,23.04626756,,26059199.75,33.8530445,-0.0138,7.3,580,216,540,40.8,60,0.136
832,2022-04-12,0,30.97867991,0.06555462301,28.30353673,,23153077.88,32.83899297,0.0028,7.3,580,216,540,40.8,60,0.131
833,2022-04-13,0,30.65911382,1.215228197,25.16624695,,26287481.63,31.82494145,0.0194,7.3,580,216,540,40.8,60,0.126
834,2022-04-14,0,29.76982206,0.6001305032,28.93852031,,25720119.13,32.15150562,0.036,7.3,580,216,540,40.8,60,0.121
835,2022-04-15,0,29.7734848,0.7908651575,26.36957217,,26192815.38,31.75558938,0.0366,7.3,580,216,540,40.8,60,0.1268
836,2022-04-16,0,29.67605553,0.9543917111,25.89402289,,26434106.25,31.8012256,0.0372,7.3,580,216,540,40.8,60,0.1326
837,2022-04-17,0,31.18347638,0.6478620149,26.07525226,,26906914.63,33.34684621,0.0378,7.3,580,216,540,40.8,60,0.1384
838,2022-04-18,0,31.81509425,0.5848341893,30.52618008,,26166678.63,31.85838407,0.0384,7.3,580,216,540,40.8,60,0.1442
839,2022-04-19,0,32.65201721,2.796568706,21.98068562,,25516546.25,34.21427791,0.039,7.3,580,216,540,40.8,60,0.15
840,2022-04-20,0,32.89297702,2.951780401,21.31478042,,26883569.88,31.87691647,0.0344,7.3,580,216,540,40.8,60,0.134
841,2022-04-21,0,29.48865916,0.6814271668,33.44294021,,17819412.75,31.26726776,0.0298,7.3,580,216,540,40.8,60,0.118
842,2022-04-22,0,30.22793605,1.213213255,28.24183651,,25644521,30.65761905,0.0252,7.3,580,216,540,40.8,60,0.102
843,2022-04-23,0,30.64813449,2.407575272,22.47261029,,27279811.75,36.36722092,0.0206,7.3,580,216,540,40.8,60,0.086
844,2022-04-24,0,31.33237801,3.65810929,21.16117837,,27459923.25,33.63568306,0.016,7.3,580,216,540,40.8,60,0.07
845,2022-04-25,0,31.81615473,2.557882979,22.97097865,,25514381.75,34.59092116,0.0256,7.3,580,216,540,40.8,60,0.082
846,2022-04-26,0,31.50351868,2.45240357,23.36766928,,27011435.88,34.33808743,0.0352,7.3,580,216,540,40.8,60,0.094
847,2022-04-27,0,32.30270538,2.672461626,21.33551764,,27903702.63,37.35643247,0.0448,7.3,580,216,540,40.8,60,0.106
848,2022-04-28,0,33.53344307,1.689272682,22.80155419,,27320115,37.69999219,0.0544,7.3,580,216,540,40.8,60,0.118
849,2022-04-29,0,34.09735514,3.355555682,18.23221207,,27223032.88,34.11964871,0.064,7.3,580,216,540,40.8,60,0.13
850,2022-04-30,0,34.30443662,0.8613749613,19.90584786,,27136559.38,39.5379313,0.0696,7.3,580,216,540,40.8,60,0.1216
851,2022-05-01,0,31.98793437,3.650423913,41.53593937,,25673763.38,35.99508479,0.0752,7.4,624,232,512,39.6,62,0.1132
852,2022-05-02,0,32.74413261,3.884886628,42.17226137,,26887531.25,32.45223827,0.0808,7.4,624,232,512,39.6,62,0.1048
853,2022-05-03,0,31.48327154,1.750408985,47.28662374,,25702110.63,32.07652226,0.0864,7.4,624,232,512,39.6,62,0.0964
854,2022-05-04,0.5130632222,30.36878166,1.819496285,52.98860451,,24632846.38,31.70080626,0.092,7.4,624,232,512,39.6,62,0.088
855,2022-05-05,0,30.27566872,0.6884815575,47.74289228,,26272701.5,31.32509025,0.1158,7.4,624,232,512,39.6,62,0.0908
856,2022-05-06,0,31.36179123,0.5637296559,36.54604614,,25604338.25,34.23664739,0.1396,7.4,624,232,512,39.6,62,0.0936
857,2022-05-07,0,31.58201752,1.035828124,35.10774438,,25861951.25,37.14820453,0.1634,7.4,624,232,512,39.6,62,0.0964
858,2022-05-08,0,32.34854151,2.110984229,37.30930241,,27170777.38,34.53527713,0.1872,7.4,624,232,512,39.6,62,0.0992
859,2022-05-09,0,32.69903971,3.725944124,43.61551609,,26245868.38,32.25847775,0.211,7.4,624,232,512,39.6,62,0.102
860,2022-05-10,0,32.60300789,3.011073675,47.67474356,,25907591,30.51252708,0.1636,7.4,624,232,512,39.6,62,0.1012
861,2022-05-11,0.490492031,33.45483424,2.074403304,46.17422039,,25761345,28.74061372,0.1162,7.4,624,232,512,39.6,62,0.1004
862,2022-05-12,0,34.53591499,1.878603584,40.46662619,,26518987.25,35.73053084,0.0688,7.4,624,232,512,39.6,62,0.0996
863,2022-05-13,0,34.17388496,0.4270791455,40.32662482,,27174255,31.35429352,0.0214,7.4,624,232,512,39.6,62,0.0988
864,2022-05-14,0,35.3990729,1.280509756,25.61412543,,28300854.25,38.39541764,-0.026,7.4,624,232,512,39.6,62,0.098
865,2022-05-15,0,35.85414721,0.3529212504,25.66037297,,27619873.25,36.22088212,-0.0122,7.4,624,232,512,39.6,62,0.1042
866,2022-05-16,0,34.72637901,1.744893289,25.77594413,,25922890.88,31.95804416,0.0016,7.4,624,232,512,39.6,62,0.1104
867,2022-05-17,0,32.82623444,1.702841407,40.08955195,,24952396.75,29.65368231,0.0154,7.4,624,232,512,39.6,62,0.1166
868,2022-05-18,0,32.94365145,1.491326055,36.99509005,,25245057.25,31.68149679,0.0292,7.4,624,232,512,39.6,62,0.1228
869,2022-05-19,0,34.45244687,0.5626658626,34.07311138,,27434459.25,33.42356753,0.043,7.4,624,232,512,39.6,62,0.129
870,2022-05-20,0,35.36314481,0.3044627044,29.59145718,,27127963.13,30.13093863,0.0408,7.4,624,232,512,39.6,62,0.1303
871,2022-05-21,0,33.09065463,0.6399698112,35.1020333,,24032982,28.97602888,0.0386,7.4,624,232,512,39.6,62,0.1316
872,2022-05-22,0,32.42485708,2.644105811,37.92781705,,26853905.25,27.63844765,0.0364,7.4,624,232,512,39.6,62,0.1329
873,2022-05-23,28.47880769,28.42665316,4.696187672,56.28538053,,24582648.75,27.90913791,0.0342,7.4,624,232,512,39.6,62,0.1342
874,2022-05-24,0,25.18222389,2.414462667,75.14625127,,16535190.5,28.17982816,0.032,7.4,624,232,512,39.6,62,0.1355
875,2022-05-25,0,27.75220388,0.8091638883,64.41284732,,23707667.25,28.45051842,0.0298,7.4,624,232,512,39.6,62,0.1368
876,2022-05-26,0,29.74214897,0.6060801802,52.95838657,,27275126.25,29.71925839,0.0276,7.4,624,232,512,39.6,62,0.1381
877,2022-05-27,2.75353682,32.2993103,0.5618460992,48.32988709,,25542170,26.78692428,0.0254,7.4,624,232,512,39.6,62,0.1394
878,2022-05-28,4.262774348,33.85854747,0.5635944611,47.25711982,,26054925,28.22236534,0.0232,7.4,624,232,512,39.6,62,0.1407
879,2022-05-29,0,33.12436002,0.8889913119,48.91582253,,25876954.5,30.74386417,0.021,7.4,624,232,512,39.6,62,0.142
880,2022-05-30,4.383702079,33.35565465,1.972777208,44.59393141,,25563453.38,32.71802498,0.0062,7.4,624,232,512,39.6,62,0.135
881,2022-05-31,0,33.15073929,1.349561481,40.91993575,,25918188,20.86168975,-0.0086,7.4,624,232,512,39.6,62,0.128
882,2022-06-01,0,34.0292539,2.223409938,30.78125756,,26262362.88,33.66667447,-0.0234,7.2,608,240,524,38.4,64,0.121
883,2022-06-02,0,33.9465786,1.385571633,28.54732916,,25185989.5,32.67003123,-0.0382,7.2,608,240,524,38.4,64,0.114
884,2022-06-03,0,34.15946287,1.285980189,26.92811459,,27856736,35.94106948,-0.053,7.2,608,240,524,38.4,64,0.107
885,2022-06-04,0,35.02127228,0.9243560349,24.96561179,,27018405,37.52108509,-0.0396,7.2,608,240,524,38.4,64,0.1002
886,2022-06-05,0,35.17483164,1.800599005,21.67475508,,25713094,36.21291959,-0.0262,7.2,608,240,524,38.4,64,0.0934
887,2022-06-06,0,35.32816404,1.383891929,21.50044167,,27936407.25,37.80950039,-0.0128,7.2,608,240,524,38.4,64,0.0866
888,2022-06-07,0,36.21655617,3.107781955,22.78680422,,25320033,28.08426866,0.0006,7.2,608,240,524,38.4,64,0.0798
889,2022-06-08,0,36.28728828,3.95589598,20.81994852,,27296489.25,32.62916515,0.014,7.2,608,240,524,38.4,64,0.073
890,2022-06-09,0,36.13148079,2.443018598,23.38136272,,23428785.75,30.08534296,0.015,7.2,608,240,524,38.4,64,0.07353
891,2022-06-10,0,36.83209763,3.984541675,22.21706965,,26243826.75,32.57289544,0.016,7.2,608,240,524,38.4,64,0.07407
892,2022-06-11,0,36.71659877,4.462950925,20.2905413,,26882343.75,34.29098361,0.017,7.2,608,240,524,38.4,64,0.0746
893,2022-06-12,0,36.27398898,3.279943424,25.26824958,,26294552.75,33.90831382,0.018,7.2,608,240,524,38.4,64,0.07513
894,2022-06-13,0,37.05733515,4.656450081,26.40363207,,22975372.25,34.33438199,0.019,7.2,608,240,524,38.4,64,0.07567
895,2022-06-14,0,34.78413035,5.188138466,37.25789602,,21475154.5,34.76045017,0.02,7.2,608,240,524,38.4,64,0.0762
896,2022-06-15,0,36.11033783,4.088956448,34.10172643,,24349396.75,35.18651835,0.021,7.2,608,240,524,38.4,64,0.07673
897,2022-06-16,1.325393719,34.7274039,1.881540276,44.58837872,,25506115.25,28.90642599,0.022,7.2,608,240,524,38.4,64,0.07727
898,2022-06-17,0.7655009938,30.96639468,0.725501115,59.41416009,,18294227.75,28.74862816,0.023,7.2,608,240,524,38.4,64,0.0778
899,2022-06-18,21.40975165,28.90930392,0.8819511655,69.92844192,,16005853,28.55594928,0.024,7.2,608,240,524,38.4,64,0.07833
900,2022-06-19,3.078473722,28.03017451,1.072212271,71.45019375,,13946179,28.3632704,0.025,7.2,608,240,524,38.4,64,0.07887
901,2022-06-20,2.848541021,29.58560651,0.8265552529,63.02484642,,24111588.25,28.17059151,0.026,7.2,608,240,524,38.4,64,0.0794
902,2022-06-21,0,30.1224781,1.600612686,60.51254903,,23676455.25,27.97791263,0.027,7.2,608,240,524,38.4,64,0.07993
903,2022-06-22,0,30.77195829,0.9886821208,60.38111492,,23629330,27.78523375,0.028,7.2,608,240,524,38.4,64,0.08047
904,2022-06-23,0,31.62540143,3.228341588,45.57035727,,26809097.5,30.75096799,0.029,7.2,608,240,524,38.4,64,0.081
905,2022-06-24,0,31.3184639,2.272869817,39.77548652,,27810549,34.8345121,0.0216,7.2,608,240,524,38.4,64,0.08127
906,2022-06-25,0,32.84245834,1.565903955,37.8811915,,27518908.5,34.04408275,0.0142,7.2,608,240,524,38.4,64,0.08153
907,2022-06-26,0,33.25684064,3.505023382,54.19411378,,21305459.25,30.59677596,0.0068,7.2,608,240,524,38.4,64,0.0818
908,2022-06-27,0,34.27979431,2.773649803,51.5633747,,23830116,31.58646847,-0.0006,7.2,608,240,524,38.4,64,0.08207
909,2022-06-28,0,35.3845548,1.037312416,48.77046176,,22259557.25,31.3536695,-0.008,7.2,608,240,524,38.4,64,0.08233
910,2022-06-29,0,33.06899923,2.451395009,61.59038856,,21966474,31.12087053,-0.0154,7.2,608,240,524,38.4,64,0.0826
911,2022-06-30,17.99965378,26.3827479,2.581667533,94.50233755,,3532442.75,30.88807156,-0.0228,7.2,608,240,524,38.4,64,0.08287
912,2022-07-01,0,27.89445585,0.8171714104,81.69347221,,14100181,30.65527259,-0.0302,7.3,600,230,536,44.4,68,0.08313
913,2022-07-02,13.07829171,28.927034,1.837448329,80.24950349,,18431175.25,30.42247363,-0.0376,7.3,600,230,536,44.4,68,0.0834
914,2022-07-03,13.07829171,29.35883738,2.052242418,81.4359063,,17912682.5,30.18967466,-0.045,7.3,600,230,536,44.4,68,0.08367
915,2022-07-04,0,30.46982091,1.747003948,76.05542862,,17907575,30.22825305,-0.0524,7.3,600,230,536,44.4,68,0.08393
916,2022-07-05,5.739414692,31.58202578,2.60650151,71.7273628,,18505499.25,30.26683144,-0.0598,7.3,600,230,536,44.4,68,0.0842
917,2022-07-06,0,31.95973803,2.968997387,69.71241823,,21286528.5,30.30540984,-0.0672,7.3,600,230,536,44.4,68,0.08447
918,2022-07-07,0,31.30343335,2.97186744,68.72986271,,21849804,29.9247619,-0.0746,7.3,600,230,536,44.4,68,0.08473
919,2022-07-08,0,32.0772377,2.290176181,66.72142548,,23623015,29.54411397,-0.082,7.3,600,230,536,44.4,68,0.085
920,2022-07-09,17.15131493,29.60252978,3.076928774,78.14341158,,15350899.25,29.29954261,-0.08058,7.3,600,230,536,44.4,68,0.08412
921,2022-07-10,4.512167672,28.58653285,1.706404504,80.82165616,,15581186.63,29.05497124,-0.07916,7.3,600,230,536,44.4,68,0.08324
922,2022-07-11,0,31.21111069,0.5561538583,71.94364731,,23199610.38,28.81039988,-0.07774,7.3,600,230,536,44.4,68,0.08236
923,2022-07-12,6.262772381,30.14428355,1.649915064,76.79902233,,19044421.88,28.56582851,-0.07632,7.3,600,230,536,44.4,68,0.08148
924,2022-07-13,0,30.45932859,1.884243166,76.89713907,,20819272.75,28.32125714,-0.0749,7.3,600,230,536,44.4,68,0.0806
925,2022-07-14,12.52554476,31.57278404,3.158158612,67.69614358,,22697253.13,30.29812662,-0.07348,7.3,600,230,536,44.4,68,0.07972
926,2022-07-15,0,31.67587624,3.681073649,65.32291279,,23323882,32.2749961,-0.07206,7.3,600,230,536,44.4,68,0.07884
927,2022-07-16,12.15202651,29.52103958,2.421234274,79.13966045,,18340298.5,30.59628415,-0.07064,7.3,600,230,536,44.4,68,0.07796
928,2022-07-17,5.7971011,30.0342111,1.850739337,80.14251995,,18643404,28.91757221,-0.06922,7.3,600,230,536,44.4,68,0.07708
929,2022-07-18,0,31.43436966,1.816228929,72.61986995,,21619291.25,30.20232631,-0.0678,7.3,600,230,536,44.4,68,0.0762
930,2022-07-19,10.63302227,30.29823901,0.7801503673,79.69429311,,18803902.13,31.48708041,-0.06638,7.3,600,230,536,44.4,68,0.07532
931,2022-07-20,15.94953396,28.2259009,1.121251933,86.89967976,,11191091.5,31.18297758,-0.06496,7.3,600,230,536,44.4,68,0.07444
932,2022-07-21,0,27.837758,0.1129197492,85.94930066,,11387910.75,30.87887476,-0.06354,7.3,600,230,536,44.4,68,0.07356
933,2022-07-22,0,28.39208692,1.676902614,83.34557463,,17115631.88,30.57477194,-0.06212,7.3,600,230,536,44.4,68,0.07268
934,2022-07-23,0,28.22130674,3.408495698,82.28028295,,10976619.25,30.27066912,-0.0607,7.3,600,230,536,44.4,68,0.0718
935,2022-07-24,28.21418671,29.13798866,3.957527953,76.75240525,,17662325.5,29.9665663,-0.05928,7.3,600,230,536,44.4,68,0.07092
936,2022-07-25,0,28.70680644,3.942380908,75.2713597,,18404781,29.66246348,-0.05786,7.3,600,230,536,44.4,68,0.07004
937,2022-07-26,0,28.28748283,3.585682358,78.15208699,,16212810.63,29.35836066,-0.05644,7.3,600,230,536,44.4,68,0.06916
938,2022-07-27,0,28.03025716,2.588031325,84.09934181,,17600050.38,29.05425783,-0.05502,7.3,600,230,536,44.4,68,0.06828
939,2022-07-28,28.42231941,27.74822006,0.8636529179,86.10727954,,12557468.38,28.75015501,-0.0536,7.3,600,230,536,44.4,68,0.0674
940,2022-07-29,35.6426125,26.89063797,1.460214343,89.73871219,,9729495.25,28.44605219,-0.05218,7.3,600,230,536,44.4,68,0.06652
941,2022-07-30,15.50274716,26.90471675,0.732877462,89.56447844,,8820249,28.14194937,-0.05076,7.3,600,230,536,44.4,68,0.06564
942,2022-07-31,0,28.08801231,1.826455357,80.80666113,,16658802.13,27.83784655,-0.04934,7.3,600,230,536,44.4,68,0.06476
943,2022-08-01,0,28.23724518,2.279642225,81.56971343,,17292267.13,27.53374373,-0.04792,7.5,644,248,540,36,62.6,0.06388
944,2022-08-02,0,29.22310855,1.701483235,78.63122716,,19585955.88,27.22964091,-0.0465,7.5,644,248,540,36,62.6,0.063
945,2022-08-03,13.91805249,28.60496991,0.7362208901,84.2828502,,14648417.25,27.22874564,-0.04508,7.5,644,248,540,36,62.6,0.06212
946,2022-08-04,21.16259444,27.41928825,1.94896749,87.15261517,,11081109.75,27.22785038,-0.04366,7.5,644,248,540,36,62.6,0.06124
947,2022-08-05,0,27.24439265,1.87480294,87.68787311,,9648268.25,27.22695511,-0.04224,7.5,644,248,540,36,62.6,0.06036
948,2022-08-06,6.782162944,28.8918663,0.7140879746,80.80046801,,18894638,27.22605985,-0.04082,7.5,644,248,540,36,62.6,0.05948
949,2022-08-07,20.34648844,26.39425875,1.702412871,92.87565595,,6119080.375,27.22516458,-0.0394,7.5,644,248,540,36,62.6,0.0586
950,2022-08-08,0,29.48849322,1.231433142,81.06901625,,20970022.25,27.22426932,-0.03798,7.5,644,248,540,36,62.6,0.05772
951,2022-08-09,6.782162944,30.3821153,1.870745541,77.24908487,,21295975.5,27.22337405,-0.03656,7.5,644,248,540,36,62.6,0.05684
952,2022-08-10,0,30.51796811,2.971359512,71.58393168,,22336627,27.22247879,-0.03514,7.5,644,248,540,36,62.6,0.05596
953,2022-08-11,0,27.72868818,3.246754377,78.94600683,,9442345.75,27.22158352,-0.03372,7.5,644,248,540,36,62.6,0.05508
954,2022-08-12,0,29.19298833,3.636844068,73.86739957,,21321703.88,27.22068826,-0.0323,7.5,644,248,540,36,62.6,0.0542
955,2022-08-13,0,29.14963748,2.415607923,78.5502223,,19107414.63,27.54485757,-0.03088,7.5,644,248,540,36,62.6,0.05332
956,2022-08-14,25.5492117,28.06048164,0.6269093693,84.27971687,,15215181.75,27.86902688,-0.02946,7.5,644,248,540,36,62.6,0.05244
957,2022-08-15,0,27.02891502,2.547922367,80.7398859,,8763752.5,28.19319619,-0.02804,7.5,644,248,540,36,62.6,0.05156
958,2022-08-16,0,27.27029953,5.579941811,77.50554139,,5523489.375,28.5173655,-0.02662,7.5,644,248,540,36,62.6,0.05068
959,2022-08-17,0,28.04835981,3.233283931,77.09777532,,18130289.63,28.84153481,-0.0252,7.5,644,248,540,36,62.6,0.0498
960,2022-08-18,0,28.89712995,2.443132305,74.21150136,,19106352.25,29.16570413,-0.02378,7.5,644,248,540,36,62.6,0.04892
961,2022-08-19,0.9222825368,29.03920581,3.35129837,73.4935063,,19806201.5,24.37910226,-0.02236,7.5,644,248,540,36,62.6,0.04804
962,2022-08-20,0,27.89373042,1.407092191,82.13368951,,13974068.25,25.46569867,-0.02094,7.5,644,248,540,36,62.6,0.04716
963,2022-08-21,14.39347968,29.24641762,1.886013392,77.3360685,,17499151.13,26.55229508,-0.01952,7.5,644,248,540,36,62.6,0.04628
964,2022-08-22,0,29.30376269,2.531760978,75.13035892,,14786905.25,27.63889149,-0.0181,7.5,644,248,540,36,62.6,0.0454
965,2022-08-23,0,29.02720985,5.167460883,69.70238083,,18548824.88,28.7254879,-0.01668,7.5,644,248,540,36,62.6,0.04452
966,2022-08-24,0,27.68177694,2.416936347,78.31402693,,16633464.75,29.81208431,-0.01526,7.5,644,248,540,36,62.6,0.04364
967,2022-08-25,0,28.52018827,1.322344108,74.37643742,,18124649.25,30.89868072,-0.01384,7.5,644,248,540,36,62.6,0.04276
968,2022-08-26,0,29.18338865,2.873986011,71.35823224,,17968431.75,31.28846995,-0.01242,7.5,644,248,540,36,62.6,0.04188
969,2022-08-27,0,29.81477318,3.523943939,65.95849324,,21511667.75,31.67825917,-0.011,7.5,644,248,540,36,62.6,0.041
970,2022-08-28,6.358941744,29.40108643,2.653100764,64.06635536,,19557038.38,28.90797034,-0.0237,7.5,644,248,540,36,62.6,0.0515
971,2022-08-29,6.555880646,29.29990476,0.6607233807,71.62750439,,19938333.88,28.68898517,-0.0364,7.5,644,248,540,36,62.6,0.062
972,2022-08-30,6.555880646,30.16064987,0.5954776772,72.79062935,,20368645.38,28.47,-0.0491,7.5,644,248,540,36,62.6,0.0725
973,2022-08-31,0,30.64044787,1.618552151,69.99492835,,20536866.13,30.6875,-0.0618,7.5,644,248,540,36,62.6,0.083
974,2022-09-01,27.71083117,30.94706434,1.028159219,67.51980669,,19621181,32.905,-0.0745,7.6,384,124,438,9.6,26.3,0.0935
975,2022-09-02,8.976935883,30.66143697,1.127178233,65.30461798,,19945518,32.43105972,-0.0872,7.6,384,124,438,9.6,26.3,0.104
976,2022-09-03,0,30.37581406,2.17354709,61.27167479,,20451995.38,31.95711944,-0.0999,7.6,384,124,438,9.6,26.3,0.1145
977,2022-09-04,0,30.93595339,2.83906899,55.40747712,,22569405.25,30.02945355,-0.1126,7.6,384,124,438,9.6,26.3,0.125
978,2022-09-05,0,30.27955907,1.678028319,60.69050926,,21443947.5,31.60091335,-0.1253,7.6,384,124,438,9.6,26.3,0.1355
979,2022-09-06,0,30.47821007,1.281342423,62.32034716,,20959998,30.14050742,-0.138,7.6,384,124,438,9.6,26.3,0.146
980,2022-09-07,0,30.34391937,1.317808951,61.02783274,,20253030.38,32.89516784,-0.13124,7.6,384,124,438,9.6,26.3,0.14208
981,2022-09-08,0,30.93024216,1.320570514,59.49700907,,19704021,32.48620609,-0.12448,7.6,384,124,438,9.6,26.3,0.13816
982,2022-09-09,0,30.98747088,2.100295874,62.17725597,,18882493.5,30.75376094,-0.11772,7.6,384,124,438,9.6,26.3,0.13424
983,2022-09-10,0,30.07697957,2.218711623,68.61978269,,16913006.75,29.02131579,-0.11096,7.6,384,124,438,9.6,26.3,0.13032
984,2022-09-11,0,30.66191762,2.577954696,62.73376993,,19121923.25,29.86062557,-0.1042,7.6,384,124,438,9.6,26.3,0.1264
985,2022-09-12,0,30.131147,2.582757715,64.02073837,,17383989.38,30.69993534,-0.09744,7.6,384,124,438,9.6,26.3,0.12248
986,2022-09-13,0,29.6012989,4.090349427,62.78901228,,15455159.12,28.38329023,-0.09068,7.6,384,124,438,9.6,26.3,0.11856
987,2022-09-14,0,27.04020144,4.088710957,78.49584922,,9363755.375,26.06664511,-0.08392,7.6,384,124,438,9.6,26.3,0.11464
988,2022-09-15,0,25.15491447,2.81675546,91.36989291,,5340116.75,23.75,-0.07716,7.6,384,124,438,9.6,26.3,0.11072
989,2022-09-16,0,24.8474556,1.247453773,88.38170662,,4737186.75,23.96870934,-0.0704,7.6,384,124,438,9.6,26.3,0.1068
990,2022-09-17,0,27.75769323,0.09734368359,77.73094036,,17185376,24.18741868,-0.06364,7.6,384,124,438,9.6,26.3,0.10288
991,2022-09-18,0,28.18745956,0.5352812413,76.2743551,,19384583.63,24.40612802,-0.05688,7.6,384,124,438,9.6,26.3,0.09896
992,2022-09-19,0,27.99411545,0.9040795944,77.27735303,,14249562.13,24.62483737,-0.05012,7.6,384,124,438,9.6,26.3,0.09504
993,2022-09-20,0,27.43175659,0.9995184216,85.13173374,,15059437.87,24.84354671,-0.04336,7.6,384,124,438,9.6,26.3,0.09112
994,2022-09-21,13.34569206,26.32358004,1.321889033,88.62263688,,9489014,25.06225605,-0.0366,7.6,384,124,438,9.6,26.3,0.0872
995,2022-09-22,46.97826211,25.47394969,2.601674532,90.99766068,,7890197.625,25.28096539,-0.02984,7.6,384,124,438,9.6,26.3,0.08328
996,2022-09-23,24.31325189,25.05936267,3.607616427,93.65603474,,5976162.25,25.49967473,-0.02308,7.6,384,124,438,9.6,26.3,0.07936
997,2022-09-24,69.64327041,24.57966957,3.35543335,94.42821993,,3638007.5,25.71838407,-0.01632,7.6,384,124,438,9.6,26.3,0.07544
998,2022-09-25,0,26.20217985,0.9502830217,82.21053488,,16824509.81,25.93709342,-0.00956,7.6,384,124,438,9.6,26.3,0.07152
999,2022-09-26,12.07924722,26.31497536,2.042776893,82.78854672,,18342206.63,26.15580276,-0.0028,7.6,384,124,438,9.6,26.3,0.0676
1000,2022-09-27,0.2874663845,26.58324013,1.895159209,79.3382987,,19705021.25,26.3745121,0.00396,7.6,384,124,438,9.6,26.3,0.06368
1001,2022-09-28,0.8673356126,26.90277507,1.444076721,76.94507355,,19084588,29.64161593,0.01072,7.6,384,124,438,9.6,26.3,0.05976
1002,2022-09-29,0.6324970834,27.07472318,1.753218489,79.47352798,,19081773,29.1931694,0.01748,7.6,384,124,438,9.6,26.3,0.05584
1003,2022-09-30,0,27.44595172,1.885923849,75.91486711,,19730268.94,29.51654176,0.02424,7.6,384,124,438,9.6,26.3,0.05192
1004,2022-10-01,0,27.4824145,1.518337482,72.88966681,,19434304.69,30.27855582,0.031,7.23,652,280,548,37.2,62.7,0.048
1005,2022-10-02,0,27.40425707,2.519277877,67.55315082,,19637140.69,30.11371585,0.02747,7.23,652,280,548,37.2,62.7,0.04827
1006,2022-10-03,0,27.21302948,3.123735506,64.80543104,,20252907.06,30.05370023,0.02393,7.23,652,280,548,37.2,62.7,0.04853
1007,2022-10-04,0,27.72241491,0.9953705431,74.21911708,,17572038.69,29.81322404,0.0204,7.23,652,280,548,37.2,62.7,0.0488
1008,2022-10-05,0,27.33593012,1.509726973,78.29649688,,16587790.69,29.57274785,0.01687,7.23,652,280,548,37.2,62.7,0.04907
1009,2022-10-06,0,25.68663686,2.791640287,74.4610219,,14951438.38,29.30392662,0.01333,7.23,652,280,548,37.2,62.7,0.04933
1010,2022-10-07,0,23.30615641,2.878248427,89.215343,,4436274.676,29.03510539,0.0098,7.23,652,280,548,37.2,62.7,0.0496
1011,2022-10-08,43.06541348,21.71269569,2.798433034,95.06850493,,1538307.551,28.76628415,0.00627,7.23,652,280,548,37.2,62.7,0.04987
1012,2022-10-09,12.16599584,21.71718114,2.174580845,94.93506822,,2447878.016,28.49746292,0.00273,7.23,652,280,548,37.2,62.7,0.05013
1013,2022-10-10,0,23.84322446,1.622408916,87.69303049,,10143116.62,28.22864169,-0.0008,7.23,652,280,548,37.2,62.7,0.0504
1014,2022-10-11,,,,,,,,-0.00433,7.23,652,280,548,37.2,62.7,0.05067
1015,2022-10-12,,,,,,,,-0.00787,7.23,652,280,548,37.2,62.7,0.05093
1016,2022-10-13,,,,,,,,-0.0114,7.23,652,280,548,37.2,62.7,0.0512
1017,2022-10-14,,,,,,,,-0.01493,7.23,652,280,548,37.2,62.7,0.05147
1018,2022-10-15,,,,,,,,-0.01847,7.23,652,280,548,37.2,62.7,0.05173
1019,2022-10-16,,,,,,,,-0.022,7.23,652,280,548,37.2,62.7,0.052
1020,2022-10-17,,,,,,,,-0.0174,7.23,652,280,548,37.2,62.7,0.0552
1021,2022-10-18,,,,,,,,-0.0128,7.23,652,280,548,37.2,62.7,0.0584
1022,2022-10-19,,,,,,,,-0.0082,7.23,652,280,548,37.2,62.7,0.0616
1023,2022-10-20,,,,,,,,-0.0036,7.23,652,280,548,37.2,62.7,0.0648
1024,2022-10-21,,,,,,,,0.001,7.23,652,280,548,37.2,62.7,0.068
1025,2022-10-22,,,,,,,,-0.0042,7.23,652,280,548,37.2,62.7,0.0654
1026,2022-10-23,0,21.55539665,1.899622531,65.89226163,,18606537.5,27.95982045,-0.0094,7.23,652,280,548,37.2,62.7,0.0628
1027,2022-10-24,0,21.83587418,2.477917301,61.86062786,,18516943.5,27.69099922,-0.0146,7.23,652,280,548,37.2,62.7,0.0602
1028,2022-10-25,0,21.72707647,2.457747423,58.05300941,,18647170,24.89040593,-0.0198,7.23,652,280,548,37.2,62.7,0.0576
1029,2022-10-26,0,22.66833076,0.2439101632,65.82053511,,18076509.25,26.70903201,-0.025,7.23,652,280,548,37.2,62.7,0.055
1030,2022-10-27,0,22.79318835,0.30731864,70.41628789,,17813417.75,26.42701795,-0.025,7.23,652,280,548,37.2,62.7,0.0578
1031,2022-10-28,0,23.23115501,0.7733026472,69.56793006,,17520570.25,25.95393443,-0.025,7.23,652,280,548,37.2,62.7,0.0606
1032,2022-10-29,0,22.30776431,0.5873671654,66.89359074,,17647421.5,26.79718189,-0.025,7.23,652,280,548,37.2,62.7,0.0634
1033,2022-10-30,0,22.50795581,1.123722329,66.55091122,,17534358.5,24.96131928,-0.025,7.23,652,280,548,37.2,62.7,0.0662
1034,2022-10-31,0,22.40665207,0.1083010499,69.87096989,,17214713.5,26.45320062,-0.025,7.23,652,280,548,37.2,62.7,0.069
1035,2022-11-01,0,23.77433802,1.449037604,65.5580743,,16954123.5,26.67253708,-0.0202,7.1,668,268,564,36.8,64.5,0.0742
1036,2022-11-02,0,22.81952693,1.870379775,70.86581042,,17168250.5,26.89187354,-0.0154,7.1,668,268,564,36.8,64.5,0.0794
1037,2022-11-03,0,23.96063576,1.194965481,68.00389352,,16851646.25,25.48010148,-0.0106,7.1,668,268,564,36.8,64.5,0.0846
1038,2022-11-04,0,23.92983589,1.140042932,73.08422815,,16544774.75,25.67932865,-0.0058,7.1,668,268,564,36.8,64.5,0.0898
1039,2022-11-05,0,24.02305565,2.588051497,74.79712475,,16249843.25,25.87855582,-0.001,7.1,668,268,564,36.8,64.5,0.095
1040,2022-11-06,0,23.89698245,1.66400515,74.04042833,,14756409.75,18.73,-0.0086,7.1,668,268,564,36.8,64.5,0.089
1041,2022-11-07,0,23.04434675,0.6632476758,69.40582014,,16094538.5,27.93811866,-0.0162,7.1,668,268,564,36.8,64.5,0.083
1042,2022-11-08,0,22.67581329,0.824273154,69.63664879,,14610119,26.89778298,-0.0238,7.1,668,268,564,36.8,64.5,0.077
1043,2022-11-09,0,22.15926323,0.6081689591,71.27108382,,14239167.25,25.85744731,-0.0314,7.1,668,268,564,36.8,64.5,0.071
1044,2022-11-10,0,21.23268026,1.546593974,67.06616476,,14792518,25.45866511,-0.039,7.1,668,268,564,36.8,64.5,0.065
1045,2022-11-11,0,20.29487254,3.028812918,58.33327336,,16339098.75,24.74729899,-0.0376,7.1,668,268,564,36.8,64.5,0.0598
1046,2022-11-12,0,19.76806348,3.193927099,55.03144214,,16400646.25,24.3379313,-0.0362,7.1,668,268,564,36.8,64.5,0.0546
1047,2022-11-13,0,20.2790657,1.799135114,57.87187729,,16097259.75,22.36316159,-0.0348,7.1,668,268,564,36.8,64.5,0.0494
1048,2022-11-14,0,21.36960564,1.475295153,54.51274566,,15669103.5,24.73932084,-0.0334,7.1,668,268,564,36.8,64.5,0.0442
1049,2022-11-15,0,20.60561587,1.490820838,62.14681372,,14795694.5,24.11908665,-0.032,7.1,668,268,564,36.8,64.5,0.039
1050,2022-11-16,0,19.06419398,2.861730815,57.81931761,,15614732.75,23.49885246,-0.0222,7.1,668,268,564,36.8,64.5,0.0418
1051,2022-11-17,0,17.99351082,3.143976685,58.84211907,,15896234.75,22.84806401,-0.0124,7.1,668,268,564,36.8,64.5,0.0446
1052,2022-11-18,0,17.72919871,1.669685028,56.59499358,,16036530.5,22.72940671,-0.0026,7.1,668,268,564,36.8,64.5,0.0474
1053,2022-11-19,0,17.47379773,1.528408183,61.28685145,,15643986.5,21.6957299,0.0072,7.1,668,268,564,36.8,64.5,0.0502
1054,2022-11-20,0,17.84778875,2.518849323,61.4329727,,15542716,23.49395004,0.017,7.1,668,268,564,36.8,64.5,0.053
1055,2022-11-21,0,18.16434123,3.031901661,54.70461556,,15611232,22.40886027,-0.0044,7.1,668,268,564,36.8,64.5,0.0492
1056,2022-11-22,0,17.511328,2.760016393,54.13157021,,15550969.5,22.65380952,-0.0258,7.1,668,268,564,36.8,64.5,0.0454
1057,2022-11-23,0,17.37586301,2.950681757,50.25062037,,15764533.5,22.12786105,-0.0472,7.1,668,268,564,36.8,64.5,0.0416
1058,2022-11-24,0,18.11764361,1.839194235,54.02763262,,15600707.25,21.9020687,-0.0686,7.1,668,268,564,36.8,64.5,0.0378
1059,2022-11-25,0,17.64557864,1.582313119,61.01408054,,15331811.5,21.79624512,-0.09,7.1,668,268,564,36.8,64.5,0.034
1060,2022-11-26,0,17.41655312,2.694944737,60.63651725,,15273064.25,20.73693208,-0.0776,7.1,668,268,564,36.8,64.5,0.0352
1061,2022-11-27,0,16.93253606,1.697922142,63.91480257,,15210805.5,22.64364559,-0.0652,7.1,668,268,564,36.8,64.5,0.0364
1062,2022-11-28,0,17.29520378,1.052314169,63.21446728,,15071286.25,20.7784153,-0.0528,7.1,668,268,564,36.8,64.5,0.0376
1063,2022-11-29,0,17.16610489,1.386011118,64.53788684,,14941747.5,21.24528493,-0.0404,7.1,668,268,564,36.8,64.5,0.0388
1064,2022-11-30,0,17.341443,1.968327704,69.55584551,,14612078.5,20.02398907,-0.028,7.1,668,268,564,36.8,64.5,0.04
1065,2022-12-01,0,16.8036794,1.902676896,66.91114241,,14853821.25,20.88300546,-0.0246,6.8,672,280,552,36.4,63.9,0.0408
1066,2022-12-02,0,16.98077736,0.2439476757,68.27277513,,14575661,21.2297411,-0.0212,6.8,672,280,552,36.4,63.9,0.0416
1067,2022-12-03,0,17.40667496,0.8844986904,69.1803563,,14422019,19.86608119,-0.0178,6.8,672,280,552,36.4,63.9,0.0424
1068,2022-12-04,0,16.47251282,2.003557198,69.07359312,,14487390.5,20.89900859,-0.0144,6.8,672,280,552,36.4,63.9,0.0432
1069,2022-12-05,0,16.09948883,2.070270827,67.76208287,,14594875,20.259758,-0.011,6.8,672,280,552,36.4,63.9,0.044
1070,2022-12-06,0,16.55097478,3.359716126,59.0610046,,14626661.5,20.02943794,-0.0106,6.8,672,280,552,36.4,63.9,0.0434
1071,2022-12-07,0,16.55678329,3.576206265,58.84557944,,14617557.25,18.85604452,-0.0102,6.8,672,280,552,36.4,63.9,0.0428
1072,2022-12-08,0,16.26567675,2.643641956,66.56194838,,14339384.75,19.70989071,-0.0098,6.8,672,280,552,36.4,63.9,0.0422
1073,2022-12-09,0,16.67888667,1.933895008,67.04422902,,14199706.25,21.65371585,-0.0094,6.8,672,280,552,36.4,63.9,0.0416
1074,2022-12-10,2.846462483,17.60611877,2.256385398,63.86517081,,14203346.25,20.32687744,-0.009,6.8,672,280,552,36.4,63.9,0.041
1075,2022-12-11,0,17.84381638,2.744893212,63.27423024,,14355889.5,22.15031226,-0.0206,6.8,672,280,552,36.4,63.9,0.0398
1076,2022-12-12,0,17.52404111,3.157448015,53.15918523,,14510003.25,21.15819672,-0.0322,6.8,672,280,552,36.4,63.9,0.0386
1077,2022-12-13,0,17.37103869,3.875751969,48.99059475,,14533108.25,20.59654176,-0.0438,6.8,672,280,552,36.4,63.9,0.0374
1078,2022-12-14,0,15.58178418,3.438166763,47.34063893,,14635011.5,19.76570648,-0.0554,6.8,672,280,552,36.4,63.9,0.0362
1079,2022-12-15,0,15.04254176,3.107979996,50.79239725,,14531330,18.69538642,-0.067,6.8,672,280,552,36.4,63.9,0.035
1080,2022-12-16,0,14.42001305,2.24873944,61.84381831,,14461559,19.57758782,-0.06263,6.8,672,280,552,36.4,63.9,0.03517
1081,2022-12-17,0,14.56340561,1.933555861,63.65473812,,14363748.5,18.63396565,-0.05826,6.8,672,280,552,36.4,63.9,0.03534
1082,2022-12-18,0,14.40171967,1.486141282,72.13873511,,14193973,18.88180328,-0.05389,6.8,672,280,552,36.4,63.9,0.03551
1083,2022-12-19,0,14.443448,1.807042702,73.18412066,,14273003.75,17.90386417,-0.04951,6.8,672,280,552,36.4,63.9,0.03569
1084,2022-12-20,0,13.9304863,2.196205832,72.13956517,,14001340,16.69220141,-0.04514,6.8,672,280,552,36.4,63.9,0.03586
1085,2022-12-21,0,12.86645533,2.051374594,74.22118426,,14133285.75,15.92572209,-0.04077,6.8,672,280,552,36.4,63.9,0.03603
1086,2022-12-22,0,12.55887502,2.257774639,70.24398781,,14290522.5,15.15924278,-0.0364,6.8,672,280,552,36.4,63.9,0.0362
1087,2022-12-23,0,13.24875666,1.963452168,67.46533233,,13753645.25,15.79521468,-0.03203,6.8,672,280,552,36.4,63.9,0.03637
1088,2022-12-24,0,12.82829819,3.098360686,59.12083282,,13802069.75,15.75602654,-0.02766,6.8,672,280,552,36.4,63.9,0.03654
1089,2022-12-25,0,11.17415962,2.512039526,73.68889485,,14298333,13.40054178,-0.02329,6.8,672,280,552,36.4,63.9,0.03671
1090,2022-12-26,0,11.67702065,2.200006153,80.81379193,,13885309.5,13.49886964,-0.01891,6.8,672,280,552,36.4,63.9,0.03689
1091,2022-12-27,0,12.71097717,3.326910127,70.09880169,,14306556.5,13.5971975,-0.01454,6.8,672,280,552,36.4,63.9,0.03706
1092,2022-12-28,0,14.07512945,3.79344958,58.04095501,,14431084,17.41010929,-0.01017,6.8,672,280,552,36.4,63.9,0.03723
1093,2022-12-29,0,14.89496956,0.9403858364,64.48806044,,11161376.25,15.71934813,-0.0058,6.8,672,280,552,36.4,63.9,0.0374
1094,2022-12-30,2.989970138,15.01272354,0.5710361709,73.26850776,,11345290.25,18.57,-0.00143,6.8,672,280,552,36.4,63.9,0.03757
1095,2022-12-31,0,13.22853877,2.987321952,77.11948517,,14255602.25,17.11455307,0.00294,6.8,672,280,552,36.4,63.9,0.03774
1096,2023-01-01,0.4822939138,13.00961838,0.3952983241,74.8963024,,14058122,17.29866511,0.00731,6.8,672,280,552,36.4,63.9,0.03791
1097,2023-01-02,0,13.05371628,0.5744410486,72.02697671,,13358360.25,17.20151373,0.01169,6.8,672,280,552,36.4,63.9,0.03809
1098,2023-01-03,0,11.36560211,1.866542982,76.40481022,,13386621.75,17.10436236,0.01606,6.8,672,280,552,36.4,63.9,0.03826
1099,2023-01-04,0,10.74217122,2.080669199,78.67422405,,14716240.5,17.00721099,0.02043,6.8,672,280,552,36.4,63.9,0.03843
1100,2023-01-05,0,9.098677572,1.709697376,85.15397862,,11117072.5,16.91005961,0.0248,6.8,672,280,552,36.4,63.9,0.0386
1101,2023-01-06,0,7.452615356,1.40268945,86.56722423,,10688895.25,16.81290824,0.02917,6.8,672,280,552,36.4,63.9,0.03877
1102,2023-01-07,0,9.014260228,2.156018595,81.00223716,,12855044.25,16.71575687,0.03354,6.8,672,280,552,36.4,63.9,0.03894
1103,2023-01-08,0,10.91889788,2.080395588,80.17553382,,14672302.25,16.61860549,0.03791,6.8,672,280,552,36.4,63.9,0.03911
1104,2023-01-09,0,11.7061643,1.418108542,79.12841827,,12540860,16.52145412,0.04229,6.8,672,280,552,36.4,63.9,0.03929
1105,2023-01-10,0,12.45641734,2.451942072,75.49456694,,14741437.75,16.42430275,0.04666,6.8,672,280,552,36.4,63.9,0.03946
1106,2023-01-11,0,13.03764877,1.294650278,80.7376664,,11435073.75,16.32715137,0.05103,6.8,672,280,552,36.4,63.9,0.03963
1107,2023-01-12,6.789473444,15.08324203,2.940723924,77.58643665,,10351375.5,16.23,0.0554,6.8,672,280,552,36.4,63.9,0.0398
1108,2023-01-13,0,14.72973086,0.5303445933,85.68036455,,10245331.5,16.01362737,0.05977,6.8,672,280,552,36.4,63.9,0.03997
1109,2023-01-14,0,12.01549174,3.27652842,71.65272,,14479952.5,15.79725475,0.06414,6.8,672,280,552,36.4,63.9,0.04014
1110,2023-01-15,0,10.05499229,2.957315006,59.83969905,,15540832,15.58088212,0.06851,6.8,672,280,552,36.4,63.9,0.04031
1111,2023-01-16,0,9.661745326,2.449078516,61.11629865,,15937839.5,15.32797034,0.07289,6.8,672,280,552,36.4,63.9,0.04049
1112,2023-01-17,7.083853304,9.683257675,2.528008328,59.48177869,,16053039.5,15.35248244,0.07726,6.8,672,280,552,36.4,63.9,0.04066
1113,2023-01-18,0,10.42615534,2.124097113,62.86441298,,15942467,15.80815769,0.08163,6.8,672,280,552,36.4,63.9,0.04083
1114,2023-01-19,0,13.42636325,1.381697345,66.46652337,,13926982.5,17.63155963,0.086,6.8,672,280,552,36.4,63.9,0.041
1115,2023-01-20,0,14.03055916,2.106463127,69.16481676,,14514366.5,18.72639344,0.07613,6.8,672,280,552,36.4,63.9,0.0412
1116,2023-01-21,0,13.99668719,1.10684562,71.48052361,,15740772.75,18.28990872,0.06627,6.8,672,280,552,36.4,63.9,0.0414
1117,2023-01-22,0,15.03272591,1.896452745,66.67119122,,13808093.75,17.853424,0.0564,6.8,672,280,552,36.4,63.9,0.0416
1118,2023-01-23,0,16.90957858,0.8198687735,60.62966724,,15509599.25,20.22434817,0.04653,6.8,672,280,552,36.4,63.9,0.0418
1119,2023-01-24,4.081949443,16.57451591,3.19935474,82.19079972,,8784239.25,19.44711163,0.03667,6.8,672,280,552,36.4,63.9,0.042
1120,2023-01-25,0,16.59118614,0.7124006812,82.58985093,,11146195.5,18.6698751,0.0268,6.8,672,280,552,36.4,63.9,0.0422
1121,2023-01-26,0,14.29297155,3.126267501,77.546374,,14390968.75,17.89263856,0.01693,6.8,672,280,552,36.4,63.9,0.0424
1122,2023-01-27,0,13.0793485,3.432715663,65.58742701,,16849635.5,17.11540203,0.00707,6.8,672,280,552,36.4,63.9,0.0426
1123,2023-01-28,0,13.65525462,1.770823134,66.03353037,,17110445.5,19.95533958,-0.0028,6.8,672,280,552,36.4,63.9,0.0428
1124,2023-01-29,0,13.62445475,1.290781047,83.22079487,,7081199.25,19.22918033,-0.01267,6.8,672,280,552,36.4,63.9,0.043
1125,2023-01-30,7.197872649,13.42682991,1.12762151,82.87402278,,8103542,18.50302108,-0.02253,6.8,672,280,552,36.4,63.9,0.0432
1126,2023-01-31,0,14.78911552,3.931732955,76.3011708,,16686593.88,17.77686183,-0.0324,6.8,672,280,552,36.4,63.9,0.0434
1127,2023-02-01,0,14.49146868,3.855353414,69.94273896,,17296208.5,17.05070258,-0.04227,6.3,672,240,556,18.4,34.1,0.0436
1128,2023-02-02,0,15.18705139,3.488486757,62.79367722,,17507662.5,18.95366901,-0.05213,6.3,672,240,556,18.4,34.1,0.0438
1129,2023-02-03,0,15.48825099,2.835909092,64.93046129,,17416609.63,18.90583138,-0.062,6.3,672,240,556,18.4,34.1,0.044
1130,2023-02-04,0,16.32177569,3.344270123,61.96783806,,17402169,20.15807182,-0.0624,6.3,672,240,556,18.4,34.1,0.0404
1131,2023-02-05,0,16.61800092,1.587913345,63.12052395,,17781354.5,20.65972678,-0.0628,6.3,672,240,556,18.4,34.1,0.0368
1132,2023-02-06,0,17.90284055,1.157158708,69.84368584,,16751796,20.83007806,-0.0632,6.3,672,240,556,18.4,34.1,0.0332
1133,2023-02-07,0,16.96084557,3.041933701,67.95204883,,17582424.75,19.3728103,-0.0636,6.3,672,240,556,18.4,34.1,0.0296
1134,2023-02-08,0,15.75935135,2.83434996,58.95045169,,18050945.25,20.38797034,-0.064,6.3,672,240,556,18.4,34.1,0.026
1135,2023-02-09,0,18.27838923,1.685006773,57.49370235,,17885974.88,20.62461358,-0.0634,6.3,672,240,556,18.4,34.1,0.0244
1136,2023-02-10,0,19.08109818,2.439050893,68.26471176,,17739891.25,21.44704918,-0.0628,6.3,672,240,556,18.4,34.1,0.0228
1137,2023-02-11,0,18.74966393,2.499040497,57.44351315,,18023750.75,22.35668228,-0.0622,6.3,672,240,556,18.4,34.1,0.0212
1138,2023-02-12,0,16.02943064,3.922692341,40.46960233,,18907561.75,20.75444965,-0.0616,6.3,672,240,556,18.4,34.1,0.0196
1139,2023-02-13,0,16.20223579,5.360363202,28.88706377,,19158083,18.98317721,-0.061,6.3,672,240,556,18.4,34.1,0.018
1140,2023-02-14,0,17.3861716,3.542263623,41.00146017,,18689998.75,19.39736924,-0.0586,6.3,672,240,556,18.4,34.1,0.0196
1141,2023-02-15,0,19.09943288,3.750342576,46.23766629,,18851642.88,20.7191491,-0.0562,6.3,672,240,556,18.4,34.1,0.0212
1142,2023-02-16,0,18.65001259,0.6606648898,67.95265652,,18781898.38,23.21777518,-0.0538,6.3,672,240,556,18.4,34.1,0.0228
1143,2023-02-17,0,19.57578875,0.5913074144,70.30015069,,18909577.5,23.92715847,-0.0514,6.3,672,240,556,18.4,34.1,0.0244
1144,2023-02-18,0,19.43569781,1.1261733,69.3873791,,19226115,24.63654176,-0.049,6.3,672,240,556,18.4,34.1,0.026
1145,2023-02-19,0.4284463326,20.85645002,0.949871684,64.76253719,,19081422.75,23.64976581,-0.0518,6.3,672,240,556,18.4,34.1,0.0264
1146,2023-02-20,3.514806936,22.9126386,2.094859119,54.63898066,,19021930.88,18.47273684,-0.0546,6.3,672,240,556,18.4,34.1,0.0268
1147,2023-02-21,0,22.07982852,0.9952853109,57.49876832,,19651760.5,20.76938376,-0.0574,6.3,672,240,556,18.4,34.1,0.0272
1148,2023-02-22,0,21.07179031,2.331711941,54.61483754,,18654326.5,23.06603068,-0.0602,6.3,672,240,556,18.4,34.1,0.0276
1149,2023-02-23,0,20.24236069,3.162981067,44.11292201,,20378216.75,25.3626776,-0.063,6.3,672,240,556,18.4,34.1,0.028
1150,2023-02-24,0,19.97199402,2.437786758,48.35980475,,19232479,25.43857923,-0.0605,6.3,672,240,556,18.4,34.1,0.0302
1151,2023-02-25,0,20.90201403,0.9225505956,54.23679465,,20307536.25,25.51448087,-0.058,6.3,672,240,556,18.4,34.1,0.0324
1152,2023-02-26,0,22.35252406,0.9532044555,51.36300109,,18938533,23.61004684,-0.0555,6.3,672,240,556,18.4,34.1,0.0346
1153,2023-02-27,0,22.16499227,1.851685145,51.64145225,,18572197.88,25.73978923,-0.053,6.3,672,240,556,18.4,34.1,0.0368
1154,2023-02-28,4.200965563,21.84259504,1.501020718,49.82639559,,18923643.75,25.59135831,-0.0505,6.3,672,240,556,18.4,34.1,0.039
1155,2023-03-01,0,22.2451931,1.687300889,51.12072344,,20317343.38,25.54957065,-0.048,6.3,672,240,556,18.4,34.1,0.0412
1156,2023-03-02,0,22.81953201,2.340791538,51.08245573,,20604578.5,25.50778298,-0.0455,6.3,672,240,556,18.4,34.1,0.0434
1157,2023-03-03,0,23.2556975,2.998300854,50.05522789,,19974320.38,26.29465262,-0.043,6.3,672,240,556,18.4,34.1,0.0456
1158,2023-03-04,0,22.33185794,2.867839137,54.75799634,,18797283.48,26.6642649,-0.0405,6.3,672,240,556,18.4,34.1,0.0478
1159,2023-03-05,0,22.38891246,2.97447303,51.35247556,,20800168.9,27.03387718,-0.038,6.3,672,240,556,18.4,34.1,0.05
1160,2023-03-06,0,21.59060249,2.551013886,50.60038339,,21342946.69,27.40348946,-0.0428,6.3,672,240,556,18.4,34.1,0.0542
1161,2023-03-07,0,22.20718346,1.221797154,48.5751704,,21050286.5,27.35555816,-0.0476,6.3,672,240,556,18.4,34.1,0.0584
1162,2023-03-08,1.618886689,22.06531868,1.125448183,52.28132196,,20277808.69,26.64352069,-0.0524,6.3,672,240,556,18.4,34.1,0.0626
1163,2023-03-09,0,21.65297597,1.428902309,53.86584232,,20717227.94,24.33188962,-0.0572,6.3,672,240,556,18.4,34.1,0.0668
1164,2023-03-10,0,22.42700729,2.282645392,51.96850821,,21800603.31,26.2128103,-0.062,6.3,672,240,556,18.4,34.1,0.071
1165,2023-03-11,0,23.73970057,1.244499925,50.89566153,,21873388.63,27.94313037,-0.0586,6.3,672,240,556,18.4,34.1,0.0764
1166,2023-03-12,0,24.85733757,1.103015012,49.67398696,,21933963.75,27.93237315,-0.0552,6.3,672,240,556,18.4,34.1,0.0818
1167,2023-03-13,0,23.94699122,1.362125028,54.6857512,,17846678.81,28.25615144,-0.0518,6.3,672,240,556,18.4,34.1,0.0872
1168,2023-03-14,0,24.52201169,1.983827528,48.2920464,,21794048,29.15034348,-0.0484,6.3,672,240,556,18.4,34.1,0.0926
1169,2023-03-15,0,24.73594627,1.14812245,45.00895923,,21536711.06,28.91562061,-0.045,6.3,672,240,556,18.4,34.1,0.098
1170,2023-03-16,0,24.19852791,1.749353576,48.07258662,,17888260.12,27.64801717,-0.0334,6.3,672,240,556,18.4,34.1,0.0979
1171,2023-03-17,0,22.62607663,1.62568984,61.83693832,,16818992.69,26.38041374,-0.0218,6.3,672,240,556,18.4,34.1,0.0978
1172,2023-03-18,7.380259176,20.99721553,1.751057176,74.98003697,,17817494.63,25.1128103,-0.0102,6.3,672,240,556,18.4,34.1,0.0977
1173,2023-03-19,14.76051835,20.81739324,0.4901014376,79.82686523,,20503176.88,23.84520687,0.0014,6.3,672,240,556,18.4,34.1,0.0976
1174,2023-03-20,7.380259176,18.58423322,1.460806373,87.64683888,,9838511.688,22.57760343,0.013,6.3,672,240,556,18.4,34.1,0.0975
1175,2023-03-21,0,18.36632055,1.377852444,80.62371094,,13179521,21.31,0.0246,6.3,672,240,556,18.4,34.1,0.0974
1176,2023-03-22,0,20.10886599,1.202756204,71.3162911,,21076315.88,24.17849336,0.0362,6.3,672,240,556,18.4,34.1,0.0973
1177,2023-03-23,0,22.26881688,1.750726452,58.54447226,,23259869.25,27.04698673,0.0478,6.3,672,240,556,18.4,34.1,0.0972
1178,2023-03-24,0,22.17247225,2.170066841,68.005794,,18936243.5,26.02599532,0.0594,6.3,672,240,556,18.4,34.1,0.0971
1179,2023-03-25,0,21.35246048,1.585353329,73.35608922,,20324685.63,25.0050039,0.071,6.3,672,240,556,18.4,34.1,0.097
1180,2023-03-26,0,21.69349823,2.371005965,57.34613435,,21416894.25,24.81655738,0.0494,6.3,672,240,556,18.4,34.1,0.1038
1181,2023-03-27,0,21.16553586,2.672249606,60.14851353,,23485961.75,27.06420765,0.0278,6.3,672,240,556,18.4,34.1,0.1106
1182,2023-03-28,0,22.21289215,1.742349485,58.37353742,,22765314.25,28.15765027,0.0062,6.3,672,240,556,18.4,34.1,0.1174
1183,2023-03-29,0,23.62880478,0.8065806689,56.67188218,,22883409.63,27.60300546,-0.0154,6.3,672,240,556,18.4,34.1,0.1242
1184,2023-03-30,9.087394218,23.63845596,0.3888937281,60.2265384,,22476238.5,27.04836066,-0.037,6.3,672,240,556,18.4,34.1,0.131
1185,2023-03-31,0,20.18871396,1.415893303,80.66248594,,19878727.63,23.30064793,-0.048,6.3,672,240,556,18.4,34.1,0.1338
1186,2023-04-01,0,20.87712822,0.5341360102,76.24884189,,19887362.75,25.50317721,-0.059,6.4,704,250,524,18,35.4,0.1366
1187,2023-04-02,0,21.96917114,1.661203393,67.27131145,,23144012.88,25.95583138,-0.07,6.4,704,250,524,18,35.4,0.1394
1188,2023-04-03,0,23.6393308,0.7960115076,59.66615897,,23556179.13,26.40848556,-0.081,6.4,704,250,524,18,35.4,0.1422
1189,2023-04-04,0,22.82437477,2.338283736,60.03955144,,24192461.38,26.93448087,-0.092,6.4,704,250,524,18,35.4,0.145
1190,2023-04-05,0,23.13410784,2.571727827,47.33382867,,25614376.75,27.10096019,-0.0932,6.4,704,250,524,18,35.4,0.139
1191,2023-04-06,0,23.85403531,2.948332938,43.85347202,,24526779.63,27.46925059,-0.0944,6.4,704,250,524,18,35.4,0.133
1192,2023-04-07,0,23.65275408,3.193731805,38.47529639,,26633323.13,29.22456674,-0.0956,6.4,704,250,524,18,35.4,0.127
1193,2023-04-08,0,23.93790207,2.555607952,38.2274812,,26633549.13,32.17683841,-0.0968,6.4,704,250,524,18,35.4,0.121
1194,2023-04-09,0,24.83318736,2.226636422,35.08700326,,26412500.88,31.79076503,-0.098,6.4,704,250,524,18,35.4,0.115
1195,2023-04-10,0,25.67766596,2.736443764,32.49742548,,26180444.63,31.74205308,-0.0928,6.4,704,250,524,18,35.4,0.1156
1196,2023-04-11,0,27.57600937,3.507030748,27.8015009,,25400818.88,32.06903201,-0.0876,6.4,704,250,524,18,35.4,0.1162
1197,2023-04-12,0,28.72030093,2.88618106,28.89393937,,24962730.88,32.66837627,-0.0824,6.4,704,250,524,18,35.4,0.1168
1198,2023-04-13,0,28.73995107,2.831071199,27.66934022,,26371754,33.26772053,-0.0772,6.4,704,250,524,18,35.4,0.1174
1199,2023-04-14,0,29.68611933,2.344171284,23.96508243,,26412760.5,33.90859485,-0.072,6.4,704,250,524,18,35.4,0.118
1200,2023-04-15,0,30.62574094,0.7882551135,23.01192847,,26644811.63,33.6939032,-0.0602,6.4,704,250,524,18,35.4,0.1198
1201,2023-04-16,0,30.82868729,1.656837217,26.13157296,,24458880.5,32.23296643,-0.0484,6.4,704,250,524,18,35.4,0.1216
1202,2023-04-17,0,31.04370842,1.373577016,25.87796545,,25116943,32.99257611,-0.0366,6.4,704,250,524,18,35.4,0.1234
1203,2023-04-18,0,31.53134054,1.591730621,26.95027969,,25907459.38,35.6208509,-0.0248,6.4,704,250,524,18,35.4,0.1252
1204,2023-04-19,0,29.65582492,1.577883227,33.68514378,,24509425.5,29.15673629,-0.013,6.4,704,250,524,18,35.4,0.127
1205,2023-04-20,2.702744951,28.59169668,1.415279665,38.32667001,,24801447.5,32.98636222,-0.02073,6.4,704,250,524,18,35.4,0.12493
1206,2023-04-21,0,28.0123656,0.8351927696,29.34867781,,24636930.5,29.98365535,-0.02847,6.4,704,250,524,18,35.4,0.12287
1207,2023-04-22,0,27.97533251,2.25559313,21.9689009,,26374758.88,30.57594848,-0.0362,6.4,704,250,524,18,35.4,0.1208
1208,2023-04-23,0,26.89081726,0.1093327865,27.46808941,,24608103.38,29.45730844,-0.04393,6.4,704,250,524,18,35.4,0.11873
1209,2023-04-24,0,25.36329422,2.791754574,36.42525768,,22664861.38,28.33866841,-0.05167,6.4,704,250,524,18,35.4,0.11667
1210,2023-04-25,0,26.50661112,1.666204584,36.26211788,,26931971,29.71845272,-0.0594,6.4,704,250,524,18,35.4,0.1146
1211,2023-04-26,0,28.50146065,0.5217183836,31.26983411,,22948485.38,29.61050113,-0.06713,6.4,704,250,524,18,35.4,0.11253
1212,2023-04-27,0,29.40218697,1.351860812,29.80714134,,23679205.13,29.50254953,-0.07487,6.4,704,250,524,18,35.4,0.11047
1213,2023-04-28,0,27.81311061,1.258070629,37.5758623,,16921883,29.39459794,-0.0826,6.4,704,250,524,18,35.4,0.1084
1214,2023-04-29,2.789107025,26.31106974,0.8765197449,50.61339954,,19574179.88,29.28664635,-0.09033,6.4,704,250,524,18,35.4,0.10633
1215,2023-04-30,2.061133583,24.84753126,1.41329198,61.32097304,,20198667.75,29.17869475,-0.09807,6.4,704,250,524,18,35.4,0.10427
1216,2023-05-01,0,21.89125532,2.030912793,83.17922786,,13802163.38,29.07074316,-0.1058,6.6,656,225,492,17.6,34.8,0.1022
1217,2023-05-02,0,21.88930537,2.122728115,86.42165959,,15063846,28.96279156,-0.11353,6.6,656,225,492,17.6,34.8,0.10013
1218,2023-05-03,0,23.23114484,1.565378596,74.75303355,,18055016.75,28.85483997,-0.12127,6.6,656,225,492,17.6,34.8,0.09807
1219,2023-05-04,0,24.47349129,0.7404768914,71.95735925,,24593726.38,25.36761124,-0.129,6.6,656,225,492,17.6,34.8,0.096
1220,2023-05-05,0,26.62403768,1.62584806,52.08335818,,25416467.5,18.20605263,-0.1194,6.6,656,225,492,17.6,34.8,0.1024
1221,2023-05-06,0,27.3155571,2.421186998,47.3848962,,26107997.75,24.61843225,-0.1098,6.6,656,225,492,17.6,34.8,0.1088
1222,2023-05-07,0,28.74059703,0.3023290014,40.2216533,,26348769.25,31.03081187,-0.1002,6.6,656,225,492,17.6,34.8,0.1152
1223,2023-05-08,0,28.27169126,1.717855111,42.59766943,,25271877.38,28.1035363,-0.0906,6.6,656,225,492,17.6,34.8,0.1216
1224,2023-05-09,0,28.19377734,2.7732097,33.11537519,,28426852.25,31.85380952,-0.081,6.6,656,225,492,17.6,34.8,0.128
1225,2023-05-10,0,27.60933774,3.04584843,28.43916326,,28912267.75,32.97473068,-0.0676,6.6,656,225,492,17.6,34.8,0.1284
1226,2023-05-11,0,29.49562543,1.265680704,30.41636218,,28698249.25,34.13993755,-0.0542,6.6,656,225,492,17.6,34.8,0.1288
1227,2023-05-12,0,31.50473557,0.3926645373,29.06676443,,28299664.5,35.30514442,-0.0408,6.6,656,225,492,17.6,34.8,0.1292
1228,2023-05-13,0,32.13359095,2.127267389,30.28920091,,27994147,33.00608119,-0.0274,6.6,656,225,492,17.6,34.8,0.1296
1229,2023-05-14,0,31.49539083,0.6029322833,32.36702914,,25793772.25,31.26516003,-0.014,6.6,656,225,492,17.6,34.8,0.13
1230,2023-05-15,0,31.99889781,2.04452763,27.93655784,,27349643.75,33.46409836,-0.0218,6.6,656,225,492,17.6,34.8,0.1316
1231,2023-05-16,0,32.06425883,2.603982968,25.5411407,,27577003.5,31.85693457,-0.0296,6.6,656,225,492,17.6,34.8,0.1332
1232,2023-05-17,7.323728482,33.07824351,2.381308591,27.42171056,,26184052.25,30.24977077,-0.0374,6.6,656,225,492,17.6,34.8,0.1348
1233,2023-05-18,0,31.88620529,2.730662363,34.47805204,,27112283,25.072125,-0.0452,6.6,656,225,492,17.6,34.8,0.1364
1234,2023-05-19,0,31.17204183,3.378504192,32.15084335,,28125206.75,32.48845433,-0.053,6.6,656,225,492,17.6,34.8,0.138
1235,2023-05-20,0,32.0319973,2.401625445,30.06113869,,28229788.25,34.5621936,-0.0557,6.6,656,225,492,17.6,34.8,0.1415
1236,2023-05-21,0,33.73291295,1.795748199,27.17897712,,27582276,36.18871975,-0.0584,6.6,656,225,492,17.6,34.8,0.145
1237,2023-05-22,0,34.47074661,3.103682417,26.35003947,,25408036,35.93190476,-0.0611,6.6,656,225,492,17.6,34.8,0.1485
1238,2023-05-23,4.607678751,34.77681249,3.351266979,28.28612375,,24247569.5,35.41421871,-0.0638,6.6,656,225,492,17.6,34.8,0.152
1239,2023-05-24,0,31.44164238,0.3879381099,45.01189374,,23125770.25,34.89653266,-0.0665,6.6,656,225,492,17.6,34.8,0.1555
1240,2023-05-25,9.215357502,28.53654251,0.4352792968,56.77296198,,19824162.75,28.526787,-0.0692,6.6,656,225,492,17.6,34.8,0.159
1241,2023-05-26,0,28.70499064,0.9865634776,55.51424393,,23709610.75,31.91891821,-0.0719,6.6,656,225,492,17.6,34.8,0.1625
1242,2023-05-27,15.02061824,29.23651721,0.723956295,53.48659539,,21322842.5,31.91745991,-0.0746,6.6,656,225,492,17.6,34.8,0.166
1243,2023-05-28,12.54485428,29.83690414,0.4477708547,53.98844551,,24843452.75,31.91600162,-0.0773,6.6,656,225,492,17.6,34.8,0.1695
1244,2023-05-29,15.02061824,27.62266121,0.6502144502,65.26922448,,20548505.25,31.91454333,-0.08,6.6,656,225,492,17.6,34.8,0.173
1245,2023-05-30,0,28.35352732,0.3847864222,58.90287719,,25368957.5,30.33716628,-0.085,6.6,656,225,492,17.6,34.8,0.1672
1246,2023-05-31,0,26.48727442,1.679692141,63.74047237,,23169706.5,30.36542545,-0.09,6.6,656,225,492,17.6,34.8,0.1614
1247,2023-06-01,0,27.1737133,1.78514658,58.62756131,,25637764,30.1465886,-0.095,6.2,640,220,488,16.8,32.1,0.1556
1248,2023-06-02,0,27.7983064,1.700870339,57.90271621,,23401251.25,29.92775176,-0.1,6.2,640,220,488,16.8,32.1,0.1498
1249,2023-06-03,0,29.35702031,1.74273957,48.77982306,,27598831.25,33.35938329,-0.105,6.2,640,220,488,16.8,32.1,0.144
1250,2023-06-04,0,30.26044998,1.86083452,49.9040082,,22581205,32.82092896,-0.1042,6.2,640,220,488,16.8,32.1,0.148
1251,2023-06-05,0,30.75017128,2.017117545,42.72846412,,26137758.75,32.28247463,-0.1034,6.2,640,220,488,16.8,32.1,0.152
1252,2023-06-06,0,31.29752884,2.056383697,38.14804464,,24769843.5,32.76712724,-0.1026,6.2,640,220,488,16.8,32.1,0.156
1253,2023-06-07,0,31.20753568,2.560056505,35.58397473,,24644942.25,32.32650273,-0.1018,6.2,640,220,488,16.8,32.1,0.16
1254,2023-06-08,0,32.71110751,2.808575626,32.28537032,,25659275.25,34.48820453,-0.101,6.2,640,220,488,16.8,32.1,0.164
1255,2023-06-09,0,34.56218999,2.745841958,29.90513941,,26558405.5,30.59387198,-0.0834,6.2,640,220,488,16.8,32.1,0.1584
1256,2023-06-10,0,35.20453733,3.15069084,31.9501511,,23420302.25,34.08832943,-0.0658,6.2,640,220,488,16.8,32.1,0.1528
1257,2023-06-11,0,34.28089104,3.509105173,38.00736177,,24217626.75,30.74959407,-0.0482,6.2,640,220,488,16.8,32.1,0.1472
1258,2023-06-12,0,35.52128309,3.800583512,37.39811935,,26289774,32.07302888,-0.0306,6.2,640,220,488,16.8,32.1,0.1416
1259,2023-06-13,0,35.93515676,5.081982839,29.14822964,,25636703.5,33.68736144,-0.013,6.2,640,220,488,16.8,32.1,0.136
1260,2023-06-14,0,35.27564201,5.050939523,37.01812972,,24834857.25,30.00191257,-0.01207,6.2,640,220,488,16.8,32.1,0.13437
1261,2023-06-15,0,33.73349533,4.229960649,43.91735468,,24356682.25,30.41210773,-0.01113,6.2,640,220,488,16.8,32.1,0.13273
1262,2023-06-16,0,32.85304031,2.839288463,49.37614398,,22001732.25,30.21464637,-0.0102,6.2,640,220,488,16.8,32.1,0.1311
1263,2023-06-17,0,33.24474106,1.449638719,52.04061312,,22221635.5,30.01718501,-0.00927,6.2,640,220,488,16.8,32.1,0.12947
1264,2023-06-18,0,30.75684573,1.658715517,63.72815262,,18537135.75,29.81972365,-0.00833,6.2,640,220,488,16.8,32.1,0.12783
1265,2023-06-19,0,30.83735746,2.094742031,64.04530963,,16141359.5,29.6222623,-0.0074,6.2,640,220,488,16.8,32.1,0.1262
1266,2023-06-20,0,30.67286008,1.641067005,67.90267311,,17687238.75,29.42480094,-0.00647,6.2,640,220,488,16.8,32.1,0.12457
1267,2023-06-21,0,31.87650452,0.7383867421,63.8444867,,19991573,29.07422753,-0.00553,6.2,640,220,488,16.8,32.1,0.12293
1268,2023-06-22,0,32.18763885,1.000193,65.34521616,,16450752.25,28.72365413,-0.0046,6.2,640,220,488,16.8,32.1,0.1213
1269,2023-06-23,7.334117115,30.54977252,1.20010994,76.99828114,,13370955,28.37308072,-0.00367,6.2,640,220,488,16.8,32.1,0.11967
1270,2023-06-24,29.33646846,31.78925158,1.388184613,72.70345946,,17553011,28.02250731,-0.00273,6.2,640,220,488,16.8,32.1,0.11803
1271,2023-06-25,22.00235152,27.18505567,1.166009182,90.96687559,,6573406.5,27.67193391,-0.0018,6.2,640,220,488,16.8,32.1,0.1164
1272,2023-06-26,0,27.65022685,1.336731426,86.03613921,,11900377.75,27.3213605,-0.00087,6.2,640,220,488,16.8,32.1,0.11477
1273,2023-06-27,19.69840968,29.49564896,1.255790936,76.96903736,,19366001,26.9707871,7.00E-05,6.2,640,220,488,16.8,32.1,0.11313
1274,2023-06-28,19.69840968,29.81520297,1.653102603,75.94645917,,16002162.5,26.62021369,0.001,6.2,640,220,488,16.8,32.1,0.1115
1275,2023-06-29,9.929423928,28.09997012,1.857958876,85.0323473,,11111348,26.26964028,0.00193,6.2,640,220,488,16.8,32.1,0.10987
1276,2023-06-30,0,28.40188052,1.547661835,81.88931076,,18412461.25,25.91906688,0.00287,6.2,640,220,488,16.8,32.1,0.10823
1277,2023-07-01,0,29.40399323,0.6625221282,75.85530597,,21364008.5,25.56849347,0.0038,6.6,624,205,504,16.4,33.9,0.1066
1278,2023-07-02,0,30.18833885,0.8646674533,70.97797645,,22922884.25,25.21792007,0.00473,6.6,624,205,504,16.4,33.9,0.10497
1279,2023-07-03,0,31.86228078,0.8096236096,69.55154127,,23332109,24.86734666,0.00567,6.6,624,205,504,16.4,33.9,0.10333
1280,2023-07-04,17.34376721,31.00668869,2.306325434,74.14562256,,20933234,24.51677326,0.0066,6.6,624,205,504,16.4,33.9,0.1017
1281,2023-07-05,12.22559981,29.24301999,2.655646997,79.56243304,,18450454.5,24.96112032,0.00753,6.6,624,205,504,16.4,33.9,0.10007
1282,2023-07-06,0,27.40941455,2.492902131,87.93562055,,10764940.75,25.40546739,0.00847,6.6,624,205,504,16.4,33.9,0.09843
1283,2023-07-07,11.84404335,28.2351757,2.546195947,85.71939006,,14356471,25.84981446,0.0094,6.6,624,205,504,16.4,33.9,0.0968
1284,2023-07-08,20.19981213,27.08181534,2.945190707,91.73404328,,6508802.75,26.29416152,0.01033,6.6,624,205,504,16.4,33.9,0.09517
1285,2023-07-09,35.53213088,27.06044604,2.493869476,91.78070406,,7426096.125,26.73850859,0.01127,6.6,624,205,504,16.4,33.9,0.09353
1286,2023-07-10,16.54138847,28.01633606,1.503721641,87.48664348,,13163094.63,27.18285565,0.0122,6.6,624,205,504,16.4,33.9,0.0919
1287,2023-07-11,10.20672123,28.4936456,0.5764018274,84.76165942,,15214305.5,27.62720272,0.01313,6.6,624,205,504,16.4,33.9,0.09027
1288,2023-07-12,0,27.94283447,2.11898256,87.27716188,,12697084,28.07154979,0.01407,6.6,624,205,504,16.4,33.9,0.08863
1289,2023-07-13,10.20672123,28.51420809,2.030689298,86.37505725,,14128851.5,28.51589685,0.015,6.6,624,205,504,16.4,33.9,0.087
1290,2023-07-14,0,28.42979075,0.9692764134,85.85291133,,12628799.5,28.96024392,0.01593,6.6,624,205,504,16.4,33.9,0.08537
1291,2023-07-15,20.41344245,28.47688128,1.568949277,86.88287291,,15110411.5,29.40459099,0.01687,6.6,624,205,504,16.4,33.9,0.08373
1292,2023-07-16,0,28.99491971,0.7637910656,84.88746552,,17183029.75,29.84893805,0.0178,6.6,624,205,504,16.4,33.9,0.0821
1293,2023-07-17,8.169117332,29.44288534,1.046512463,82.27082079,,15458848.5,29.34684865,0.01873,6.6,624,205,504,16.4,33.9,0.08047
1294,2023-07-18,23.44187335,28.22307866,2.531988895,85.95791609,,13936394.12,28.84475926,0.01967,6.6,624,205,504,16.4,33.9,0.07883
1295,2023-07-19,0,29.80306651,2.611598368,77.74225879,,20096922.88,28.34266986,0.0206,6.6,624,205,504,16.4,33.9,0.0772
1296,2023-07-20,0,31.19095828,1.252270607,75.12925644,,22845711.63,29.81893446,0.02153,6.6,624,205,504,16.4,33.9,0.07557
1297,2023-07-21,0,31.46243566,2.255758514,74.51212113,,20194136.38,31.29519906,0.02247,6.6,624,205,504,16.4,33.9,0.07393
1298,2023-07-22,6.565796733,30.21195119,3.795290509,75.71300764,,15252338.38,30.35713654,0.0234,6.6,624,205,504,16.4,33.9,0.0723
1299,2023-07-23,0,30.64786746,3.545407012,74.2265052,,21521353.25,29.41907402,0.02433,6.6,624,205,504,16.4,33.9,0.07067
1300,2023-07-24,0,29.45374133,2.550767336,81.79684553,,17759889.5,28.48101149,0.02527,6.6,624,205,504,16.4,33.9,0.06903
1301,2023-07-25,19.69739036,28.923253,2.624525158,85.74455346,,14736793,28.26469968,0.0262,6.6,624,205,504,16.4,33.9,0.0674
1302,2023-07-26,35.91703614,27.57743034,1.66746825,88.69094674,,8601261.75,28.04838787,0.02713,6.6,624,205,504,16.4,33.9,0.06577
1303,2023-07-27,3.859815717,28.27917252,0.3966622997,86.32706444,,12475766.5,27.83207606,0.02807,6.6,624,205,504,16.4,33.9,0.06413
1304,2023-07-28,46.40248863,27.56854591,0.8271127487,87.87857381,,9310928,27.61576425,0.029,6.6,624,205,504,16.4,33.9,0.0625
1305,2023-07-29,0,27.39946264,1.493911152,88.47563766,,9677685.75,27.39945244,0.02993,6.6,624,205,504,16.4,33.9,0.06087
1306,2023-07-30,0,28.64278755,2.673737909,82.13500927,,17389793.88,27.18314063,0.03087,6.6,624,205,504,16.4,33.9,0.05923
1307,2023-07-31,0,29.84972471,2.985692498,77.33534513,,20991685.75,27.92980387,0.0318,6.6,624,205,504,16.4,33.9,0.0576
1308,2023-08-01,0,30.43733304,3.655748766,74.44730127,,21820847.5,28.67646712,0.03273,6.5,608,215,480,16,35.2,0.05597
1309,2023-08-02,5.982382258,29.27804464,1.912886766,82.09184345,,17302299.63,29.42313037,0.03367,6.5,608,215,480,16,35.2,0.05433
1310,2023-08-03,5.982382258,29.52502022,2.015761695,80.97371868,,17790480,29.19650429,0.0346,6.5,608,215,480,16,35.2,0.0527
1311,2023-08-04,14.52976165,28.60199,0.5963161908,85.92902888,,12878204,28.96987822,0.03553,6.5,608,215,480,16,35.2,0.05107
1312,2023-08-05,14.52976165,29.10705592,1.679165219,82.89654425,,13400107.13,28.74325215,0.03647,6.5,608,215,480,16,35.2,0.04943
1313,2023-08-06,0,29.9087972,3.499578038,72.11875227,,20578505.63,28.51662607,0.0374,6.5,608,215,480,16,35.2,0.0478
1314,2023-08-07,0,29.2969382,4.083899652,68.81068787,,18525354,28.29,0.03833,6.5,608,215,480,16,35.2,0.04617
1315,2023-08-08,0,29.48824972,4.230050228,69.84744641,,20682398.38,28.75242623,0.03927,6.5,608,215,480,16,35.2,0.04453
1316,2023-08-09,0.5634679397,29.74072164,3.082986123,70.75736878,,18915422,29.21485246,0.0402,6.5,608,215,480,16,35.2,0.0429
1317,2023-08-10,14.14650653,29.18001455,2.136212264,75.3222751,,14409182.13,29.67727869,0.04113,6.5,608,215,480,16,35.2,0.04127
1318,2023-08-11,0,29.90725225,2.852886516,68.68507195,,19927401.13,30.13970492,0.04207,6.5,608,215,480,16,35.2,0.03963
1319,2023-08-12,0,30.42548396,3.749431802,62.22200108,,20547340.38,30.60213115,0.043,6.5,608,215,480,16,35.2,0.038
1320,2023-08-13,0,29.6563043,2.606459977,68.98295877,,15229849.88,30.72259394,0.0448,6.5,608,215,480,16,35.2,0.0354
1321,2023-08-14,0,27.98070043,1.991893228,77.59984826,,11286135.38,30.84305672,0.0466,6.5,608,215,480,16,35.2,0.0328
1322,2023-08-15,0,29.11745288,0.8472017676,77.43742553,,19440022.25,30.96351951,0.0484,6.5,608,215,480,16,35.2,0.0302
1323,2023-08-16,9.63075759,30.26389592,2.191014991,70.64496556,,21409698.5,31.0839823,0.0502,6.5,608,215,480,16,35.2,0.0276
1324,2023-08-17,9.63075759,30.51782761,2.687694145,65.43935294,,21826443.88,28.30405152,0.052,6.5,608,215,480,16,35.2,0.025
1325,2023-08-18,0,30.6322113,0.7183218246,72.06707829,,21833237.13,29.47824658,0.0511,6.5,608,215,480,16,35.2,0.0258
1326,2023-08-19,19.26151518,29.48322512,1.870760077,81.7817213,,16293106.88,29.64895075,0.0502,6.5,608,215,480,16,35.2,0.0266
1327,2023-08-20,0,30.55629438,2.25540258,76.41620919,,20875299.75,29.81965492,0.0493,6.5,608,215,480,16,35.2,0.0274
1328,2023-08-21,6.274286121,31.21547343,1.436396368,73.65246575,,20081797.75,29.99035909,0.0484,6.5,608,215,480,16,35.2,0.0282
1329,2023-08-22,25.09714448,30.10942866,0.8235121754,82.52063596,,12535499.5,28.61284777,0.0475,6.5,608,215,480,16,35.2,0.029
1330,2023-08-23,25.09714448,26.61577695,1.342359797,90.68342834,,5693800.25,27.23533644,0.0466,6.5,608,215,480,16,35.2,0.0298
1331,2023-08-24,0,28.99761861,2.455090942,69.65656065,,17318503.38,25.85782511,0.0457,6.5,608,215,480,16,35.2,0.0306
1332,2023-08-25,0,29.53328285,3.299299781,62.68678757,,19988786.88,24.48031378,0.0448,6.5,608,215,480,16,35.2,0.0314
1333,2023-08-26,0,29.5988842,3.211803551,62.84331932,,20968679.75,26.29034973,0.0439,6.5,608,215,480,16,35.2,0.0322
1334,2023-08-27,0,29.98588079,3.6928094,58.05520486,,22048759.5,22.37628159,0.043,6.5,608,215,480,16,35.2,0.033
1335,2023-08-28,0,29.92982635,3.040539251,62.38687856,,21762341.5,27.90364559,0.0228,6.5,608,215,480,16,35.2,0.042
1336,2023-08-29,0,29.94867605,2.285769309,62.20997819,,22908220.75,28.0652381,0.0026,6.5,608,215,480,16,35.2,0.051
1337,2023-08-30,0,29.95399818,1.607777925,66.57825056,,21716516.63,26.2928103,-0.0176,6.5,608,215,480,16,35.2,0.06
1338,2023-08-31,0,30.25261968,1.418006623,65.20998931,,20833228.38,27.36083528,-0.0378,6.5,608,215,480,16,35.2,0.069
1339,2023-09-01,0,30.64893366,2.349119446,59.25527214,,21995397.38,29.66811085,-0.058,6.4,640,236,472,16.8,34.2,0.078
1340,2023-09-02,0,30.4889033,2.997608048,56.18470602,,23285290.5,31.97538642,-0.06255,6.4,640,236,472,16.8,34.2,0.08785
1341,2023-09-03,0,30.10194168,2.842099375,53.24402534,,23338479,28.57435597,-0.0671,6.4,640,236,472,16.8,34.2,0.0977
1342,2023-09-04,0,30.08137283,1.863239191,56.24604552,,23296917.63,32.22117877,-0.07165,6.4,640,236,472,16.8,34.2,0.10755
1343,2023-09-05,0,29.72275569,1.005966712,74.61615748,,21023290.75,31.99003123,-0.0762,6.4,640,236,472,16.8,34.2,0.1174
1344,2023-09-06,0,29.87192879,1.02004308,67.31043654,,21122082.25,31.33706361,-0.08075,6.4,640,236,472,16.8,34.2,0.12725
1345,2023-09-07,0,31.09633598,0.4725507105,62.58963094,,21165442.38,30.684096,-0.0853,6.4,640,236,472,16.8,34.2,0.1371
1346,2023-09-08,0,29.04608498,2.377628757,74.00663754,,17756441.5,30.01343842,-0.08985,6.4,640,236,472,16.8,34.2,0.14695
1347,2023-09-09,0,26.14163106,3.000954025,88.43314242,,6373619.25,29.34278083,-0.0944,6.4,640,236,472,16.8,34.2,0.1568
1348,2023-09-10,0,25.47129148,2.710584516,92.22298809,,5957450.375,28.67212325,-0.09895,6.4,640,236,472,16.8,34.2,0.16665
1349,2023-09-11,0,26.98146337,1.78706162,85.25836806,,14353732.12,28.00146566,-0.1035,6.4,640,236,472,16.8,34.2,0.1765
1350,2023-09-12,0,28.7391716,0.7466961593,79.16959472,,19156854.63,27.33080808,-0.10805,6.4,640,236,472,16.8,34.2,0.18635
1351,2023-09-13,0,29.63763962,0.9953099128,80.35365285,,17224126.25,27.57295427,-0.1126,6.4,640,236,472,16.8,34.2,0.1962
1352,2023-09-14,0,29.6076224,2.133737132,79.9597817,,16001607.5,27.81510045,-0.11715,6.4,640,236,472,16.8,34.2,0.20605
1353,2023-09-15,26.25726608,28.60640043,1.672501453,83.88449391,,13470996.38,28.05724664,-0.1217,6.4,640,236,472,16.8,34.2,0.2159
1354,2023-09-16,43.97033795,28.24684868,3.300071585,83.99502293,,14764373.75,28.29939282,-0.12625,6.4,640,236,472,16.8,34.2,0.22575
1355,2023-09-17,0,27.50696462,4.191290546,84.54112582,,13330728.88,28.54153901,-0.1308,6.4,640,236,472,16.8,34.2,0.2356
1356,2023-09-18,0,27.84562645,3.052263808,78.69182563,,16928738.5,28.7836852,-0.13535,6.4,640,236,472,16.8,34.2,0.24545
1357,2023-09-19,0,28.81681595,1.732125463,76.92379999,,19131784.88,29.02583138,-0.1399,6.4,640,236,472,16.8,34.2,0.2553
1358,2023-09-20,0,29.36526515,0.4374418818,77.4293737,,18750235.63,30.23532397,-0.14445,6.4,640,236,472,16.8,34.2,0.26515
1359,2023-09-21,0,29.8635142,0.460818954,75.02477358,,18600583.5,31.44481655,-0.149,6.4,640,236,472,16.8,34.2,0.275
1360,2023-09-22,0,29.1201486,0.05490035231,79.37248778,,18636164,27.85207188,-0.1362,6.4,640,236,472,16.8,34.2,0.2644
1361,2023-09-23,42.91384101,27.53365606,0.1957316068,85.34153868,,16072130.04,27.62063444,-0.1234,6.4,640,236,472,16.8,34.2,0.2538
1362,2023-09-24,0,28.17416725,0.4046795512,79.50991639,,17873527.46,27.389197,-0.1106,6.4,640,236,472,16.8,34.2,0.2432
1363,2023-09-25,0,28.83910141,0.2798940429,74.7978304,,19232730.31,27.15775956,-0.0978,6.4,640,236,472,16.8,34.2,0.2326
1364,2023-09-26,0,28.46490885,0.6910028925,75.3330122,,18686808.94,29.8014598,-0.085,6.4,640,236,472,16.8,34.2,0.222
1365,2023-09-27,0,27.52783737,2.349135132,66.74289814,,20715910.56,29.77568306,-0.0722,6.4,640,236,472,16.8,34.2,0.2114
1366,2023-09-28,0,26.4594195,2.015986257,64.38641925,,21351502.25,31.21103044,-0.0594,6.4,640,236,472,16.8,34.2,0.2008
1367,2023-09-29,0,26.85391579,1.188385485,64.84576807,,21135809.88,31.61324746,-0.0466,6.4,640,236,472,16.8,34.2,0.1902
1368,2023-09-30,0,27.53278821,2.248460718,58.88478524,,20466677.13,30.49482436,-0.0338,6.4,640,236,472,16.8,34.2,0.1796
1369,2023-10-01,0,26.74180183,2.51439391,53.31277563,,20843936.25,30.53964871,-0.021,6.4,624,230,496,15.6,33.4,0.169
1370,2023-10-02,0,25.93200264,2.739942296,44.38505307,,21016641.5,29.48528493,-0.0192,6.4,624,230,496,15.6,33.4,0.1662
1371,2023-10-03,0,25.91972758,3.047180415,45.9417485,,21252886.5,30.37366901,-0.0174,6.4,624,230,496,15.6,33.4,0.1634
1372,2023-10-04,0,26.06258609,2.910639642,54.81229483,,20815703.88,30.10010148,-0.0156,6.4,624,230,496,15.6,33.4,0.1606
1373,2023-10-05,0,25.92312075,2.404409125,52.35146283,,20838302.88,29.93683841,-0.0138,6.4,624,230,496,15.6,33.4,0.1578
1374,2023-10-06,0,26.64848099,0.5513933961,53.23227664,,20740353.31,30.41215457,-0.012,6.4,624,230,496,15.6,33.4,0.155
1375,2023-10-07,0,28.10280698,0.3046693378,60.03297674,,19938396.38,28.46269321,-0.0222,6.4,624,230,496,15.6,33.4,0.1462
1376,2023-10-08,0,29.28971952,1.854481225,55.12683217,,19480660.3,30.60016393,-0.0324,6.4,624,230,496,15.6,33.4,0.1374
1377,2023-10-09,0,29.24804967,1.680444835,52.09265694,,18370445.27,29.70358314,-0.0426,6.4,624,230,496,15.6,33.4,0.1286
1378,2023-10-10,0,27.99420255,2.010675543,54.06112578,,16806754.63,30.52534738,-0.0528,6.4,624,230,496,15.6,33.4,0.1198
1379,2023-10-11,0,26.31708043,2.218107554,50.76334683,,19900787.75,30.56608119,-0.063,6.4,624,230,496,15.6,33.4,0.111
1380,2023-10-12,0,26.31004232,1.006112554,50.40929202,,19956784.75,29.63941452,-0.0601,6.4,624,230,496,15.6,33.4,0.1088
1381,2023-10-13,0,27.31103986,0.2431763335,54.59227994,,19098210.63,29.81071819,-0.0572,6.4,624,230,496,15.6,33.4,0.1066
1382,2023-10-14,0,27.92339478,0.8127628013,49.12776519,,17888246.25,29.83026542,-0.0543,6.4,624,230,496,15.6,33.4,0.1044
1383,2023-10-15,0,26.56579679,0.5724003952,55.40170802,,17758520.88,27.0214598,-0.0514,6.4,624,230,496,15.6,33.4,0.1022
1384,2023-10-16,18.15796733,25.22581635,1.521333436,64.52048392,,15642924.38,26.93864949,-0.0485,6.4,624,230,496,15.6,33.4,0.1
1385,2023-10-17,0,22.6686779,0.8850316446,71.80385638,,14811292.88,26.85583919,-0.0456,6.4,624,230,496,15.6,33.4,0.0978
1386,2023-10-18,0,23.04681931,2.692944909,59.89933634,,18256076.5,26.77302888,-0.0427,6.4,624,230,496,15.6,33.4,0.0956
1387,2023-10-19,0,22.53748856,2.307515125,58.58101285,,18777649.75,27.18768931,-0.0398,6.4,624,230,496,15.6,33.4,0.0934
1388,2023-10-20,0,23.12220345,1.644775709,60.65167631,,18579381.75,27.60234973,-0.0369,6.4,624,230,496,15.6,33.4,0.0912
1389,2023-10-21,0,23.31899033,0.9365301994,60.44375884,,18512313.5,27.96130367,-0.034,6.4,624,230,496,15.6,33.4,0.089
1390,2023-10-22,0,23.85346756,1.363290038,59.49383223,,16924702.63,25.85747853,-0.0292,6.4,624,230,496,15.6,33.4,0.087
1391,2023-10-23,0,23.35059191,1.972678779,60.05243172,,18094634.63,26.81691647,-0.0244,6.4,624,230,496,15.6,33.4,0.085
1392,2023-10-24,0,23.71621348,1.767579314,55.09028246,,17561562.5,27.35843091,-0.0196,6.4,624,230,496,15.6,33.4,0.083
1393,2023-10-25,0,23.77004458,2.343720551,54.52068707,,17687336.75,27.69790008,-0.0148,6.4,624,230,496,15.6,33.4,0.081
1394,2023-10-26,0,23.52065048,2.456377665,50.45564828,,18235750.25,27.75320062,-0.01,6.4,624,230,496,15.6,33.4,0.079
1395,2023-10-27,0,23.61682472,1.56399468,46.07259008,,18377204.25,28.32982826,-0.0108,6.4,624,230,496,15.6,33.4,0.075
1396,2023-10-28,0,24.07259712,0.6139560639,51.5784422,,16173062,26.80317721,-0.0116,6.4,624,230,496,15.6,33.4,0.071
1397,2023-10-29,0,24.56732648,0.6504488874,55.70536052,,17386984.5,27.08999219,-0.0124,6.4,624,230,496,15.6,33.4,0.067
1398,2023-10-30,0,25.25706635,0.8341552407,58.36314897,,16796778.25,27.37680718,-0.0132,6.4,624,230,496,15.6,33.4,0.063
1399,2023-10-31,0,25.10069809,1.053779602,61.26010094,,16255917.5,27.44433255,-0.014,6.4,624,230,496,15.6,33.4,0.059
1400,2023-11-01,0,24.94123421,0.9443532401,61.09583943,,16699939.25,27.51185792,-0.01767,6.8,656,240,480,16,32.1,0.0562
1401,2023-11-02,0,24.4085022,1.544688781,61.32835752,,16561947.5,25.38692428,-0.02133,6.8,656,240,480,16,32.1,0.0534
1402,2023-11-03,0,23.76484706,1.672776986,62.99493268,,16031238.25,22.78476534,-0.025,6.8,656,240,480,16,32.1,0.0506
1403,2023-11-04,0,23.57902743,1.625273135,60.98680883,,16173052.5,23.44924362,-0.02867,6.8,656,240,480,16,32.1,0.0478
1404,2023-11-05,0,23.15900828,1.153632749,54.87332587,,16908699,24.76156909,-0.03233,6.8,656,240,480,16,32.1,0.045
1405,2023-11-06,0,22.66076241,1.020499365,55.31859055,,16831291,24.98483216,-0.036,6.8,656,240,480,16,32.1,0.0422
1406,2023-11-07,0,23.22938563,0.8650072685,57.07067702,,16418643,24.5089071,-0.03967,6.8,656,240,480,16,32.1,0.0394
1407,2023-11-08,0,23.29743538,1.583694812,55.67103705,,15876134.75,23.50887588,-0.04333,6.8,656,240,480,16,32.1,0.0366
1408,2023-11-09,0,23.28499374,0.9528245544,55.38008518,,15314446.25,24.79736924,-0.047,6.8,656,240,480,16,32.1,0.0338
1409,2023-11-10,0,21.81229617,1.811698495,68.09251343,,11862684.75,23.69925839,-0.05067,6.8,656,240,480,16,32.1,0.031
1410,2023-11-11,0,20.0549675,2.322836512,66.01960213,,15744950,22.60114754,-0.05433,6.8,656,240,480,16,32.1,0.0282
1411,2023-11-12,0,20.03586985,2.316771761,64.63445052,,16172411.25,23.82498829,-0.058,6.8,656,240,480,16,32.1,0.0254
1412,2023-11-13,0,20.0300588,1.480365065,62.92182101,,15946178.5,22.21796253,-0.06167,6.8,656,240,480,16,32.1,0.0226
1413,2023-11-14,0,19.95303624,1.770703001,61.89095911,,13593343.75,21.89232631,-0.06533,6.8,656,240,480,16,32.1,0.0198
1414,2023-11-15,0,19.52552058,1.637187642,65.48911591,,16037290.75,21.56669009,-0.069,6.8,656,240,480,16,32.1,0.017
1415,2023-11-16,0,20.85169118,0.5848605331,65.40173769,,15638559.25,21.99252927,-0.0596,6.8,656,240,480,16,32.1,0.0226
1416,2023-11-17,0,21.0525528,0.496702035,65.54222469,,14938526.25,21.77,-0.0502,6.8,656,240,480,16,32.1,0.0282
1417,2023-11-18,0,20.91708717,0.9828493456,62.76994585,,14591615.25,23.20534738,-0.0408,6.8,656,240,480,16,32.1,0.0338
1418,2023-11-19,0,20.39366493,0.6326369456,62.58266514,,14141315.75,22.49028103,-0.0314,6.8,656,240,480,16,32.1,0.0394
1419,2023-11-20,0,19.68844566,1.688351892,65.24089515,,15226892.25,21.84850117,-0.022,6.8,656,240,480,16,32.1,0.045
1420,2023-11-21,0,19.52280324,2.892057453,58.12608021,,15312931.25,22.39290398,-0.024,6.8,656,240,480,16,32.1,0.043
1421,2023-11-22,0,18.74281654,2.433236354,60.17055935,,15404241.5,21.00873536,-0.026,6.8,656,240,480,16,32.1,0.041
1422,2023-11-23,0,18.8005895,0.9073910425,64.5266026,,15244746.75,21.28993755,-0.028,6.8,656,240,480,16,32.1,0.039
1423,2023-11-24,0,19.04507599,1.189736352,66.353372,,15091427.5,21.02150664,-0.03,6.8,656,240,480,16,32.1,0.037
1424,2023-11-25,0,19.30075989,0.1867500852,65.13884355,,13736629,20.91460578,-0.032,6.8,656,240,480,16,32.1,0.035
1425,2023-11-26,3.275760973,20.10133197,1.491076959,65.08723934,,12789579.25,21.00040827,-0.0288,6.8,656,240,480,16,32.1,0.0343
1426,2023-11-27,3.275760973,18.79608879,1.854785892,74.51907608,,6023468.25,21.08621076,-0.0256,6.8,656,240,480,16,32.1,0.0336
1427,2023-11-28,0,17.98024839,1.611170571,80.62460939,,7334348,21.17201325,-0.0224,6.8,656,240,480,16,32.1,0.0329
1428,2023-11-29,0,19.08274803,0.7590537012,77.07784143,,12751137,21.25781574,-0.0192,6.8,656,240,480,16,32.1,0.0322
1429,2023-11-30,0,19.00273158,1.183098586,78.07767333,,11462226.25,21.34361823,-0.016,6.8,656,240,480,16,32.1,0.0315
1430,2023-12-01,0,19.26941071,1.590621681,76.21006091,,12522925.75,20.98089883,-0.0128,6.5,640,215,454,14.8,34.4,0.0308
1431,2023-12-02,0,18.51817983,1.687592077,72.64074201,,12798988,20.61817942,-0.0096,6.5,640,215,454,14.8,34.4,0.0301
1432,2023-12-03,0,19.03780645,0.9413277296,67.65108058,,13461258.5,21.15961749,-0.0064,6.5,640,215,454,14.8,34.4,0.0294
1433,2023-12-04,0,17.94526443,1.582069509,71.04032464,,11616856.75,20.92618267,-0.0032,6.5,640,215,454,14.8,34.4,0.0287
1434,2023-12-05,0,17.31399562,2.146807085,67.39436,,14205001.25,20.69274785,0,6.5,640,215,454,14.8,34.4,0.028
1435,2023-12-06,0,17.06573321,1.633570854,66.80913034,,14515638,21.60286495,-0.0088,6.5,640,215,454,14.8,34.4,0.0242
1436,2023-12-07,0,17.8769839,2.05957948,66.05699733,,13857191.5,20.41126464,-0.0176,6.5,640,215,454,14.8,34.4,0.0204
1437,2023-12-08,0,16.96439196,2.507271527,65.06009184,,14264449,20.71034348,-0.0264,6.5,640,215,454,14.8,34.4,0.0166
1438,2023-12-09,0,16.52535082,2.780012558,62.35645898,,14491825.5,19.82247463,-0.0352,6.5,640,215,454,14.8,34.4,0.0128
1439,2023-12-10,0,15.87223841,2.954749148,62.64830752,,14458134.5,19.08884465,-0.044,6.5,640,215,454,14.8,34.4,0.009
1440,2023-12-11,2.941386461,15.26624133,0.3095713725,65.77459223,,14378410,18.54302108,-0.0354,6.5,640,215,454,14.8,34.4,0.0106
1441,2023-12-12,0,16.15988566,1.235433104,66.16618541,,13857793.75,17.9971975,-0.0268,6.5,640,215,454,14.8,34.4,0.0122
1442,2023-12-13,0,16.54354121,1.425709436,63.60051319,,14096931.5,19.3625,-0.0182,6.5,640,215,454,14.8,34.4,0.0138
1443,2023-12-14,0,15.31947416,2.566566639,61.75947816,,14269316.25,12.29131579,-0.0096,6.5,640,215,454,14.8,34.4,0.0154
1444,2023-12-15,0,15.05628738,1.564726346,64.6829524,,14236107.5,18.94617486,-0.001,6.5,640,215,454,14.8,34.4,0.017
1445,2023-12-16,0,15.31833801,1.753681152,60.75019897,,13995873.25,18.83903981,0.0006,6.5,640,215,454,14.8,34.4,0.0203
1446,2023-12-17,0,15.60345929,2.348462444,63.26932173,,14059194,18.73190476,0.0022,6.5,640,215,454,14.8,34.4,0.0236
1447,2023-12-18,0,14.99999644,3.416677678,60.01230289,,14338893.75,18.66775176,0.0038,6.5,640,215,454,14.8,34.4,0.0269
1448,2023-12-19,0,14.92529195,3.178142798,57.13548403,,14535133.75,17.31938329,0.0054,6.5,640,215,454,14.8,34.4,0.0302
1449,2023-12-20,0,14.49932823,2.127698413,64.6508802,,13837980.75,12.56787004,0.007,6.5,640,215,454,14.8,34.4,0.0335
1450,2023-12-21,0,14.63734716,2.09354429,66.77236942,,13525935,16.63982808,0.0086,6.5,640,215,454,14.8,34.4,0.0368
1451,2023-12-22,0,14.85980186,0.7379877613,68.801972,,14092848,16.74007026,0.0102,6.5,640,215,454,14.8,34.4,0.0401
1452,2023-12-23,0,15.86506042,1.030978884,69.401293,,13575758.25,17.52465262,0.0118,6.5,640,215,454,14.8,34.4,0.0434
1453,2023-12-24,0,16.08709806,1.528644693,69.20813518,,13991922.25,18.30923497,0.0134,6.5,640,215,454,14.8,34.4,0.0467
1454,2023-12-25,0,15.8369016,2.055409977,70.64025254,,14012402.5,19.09938329,0.015,6.5,640,215,454,14.8,34.4,0.05
1455,2023-12-26,0,15.6451088,1.13323256,68.32301394,,13630985.25,17.99040073,0.01362,6.5,640,215,454,14.8,34.4,0.05008
1456,2023-12-27,0,15.56996371,1.6721864,72.90102121,,14148851.5,17.72691454,0.01223,6.5,640,215,454,14.8,34.4,0.05017
1457,2023-12-28,0,13.37698072,1.337920116,85.62922818,,12447247.5,17.46342836,0.01085,6.5,640,215,454,14.8,34.4,0.05025
1458,2023-12-29,2.898072163,12.24322027,0.7588243945,88.67677526,,8173612.25,17.19994217,0.00947,6.5,640,215,454,14.8,34.4,0.05033
1459,2023-12-30,0,11.91969643,0.7262373661,87.65157537,,9155377.25,16.93645599,0.00808,6.5,640,215,454,14.8,34.4,0.05042
1460,2023-12-31,0,11.73967323,0.8788684504,84.3472102,,11052239.5,16.6729698,0.0067,6.5,640,215,454,14.8,34.4,0.0505
1461,2024-01-01,0,10.76867256,1.43908213,80.49316145,,13208729.25,16.40948362,0.00532,6.5,640,215,454,14.8,34.4,0.05058
1462,2024-01-02,0,10.08886808,1.390066776,84.4458916,,11904983.25,16.14599743,0.00393,6.5,640,215,454,14.8,34.4,0.05067
1463,2024-01-03,0,10.95272853,0.9498628397,82.33029771,,11044928,15.88251125,0.00255,6.5,640,215,454,14.8,34.4,0.05075
1464,2024-01-04,0,13.08992093,1.380150695,80.37350875,,9405132.25,15.61902506,0.00117,6.5,640,215,454,14.8,34.4,0.05083
1465,2024-01-05,0,13.93481153,1.147006005,80.39733105,,7574834.5,15.35553887,-0.00022,6.5,640,215,454,14.8,34.4,0.05092
1466,2024-01-06,0,12.5129467,0.530285485,76.51079696,,12255678,15.09205269,-0.0016,6.5,640,215,454,14.8,34.4,0.051
1467,2024-01-07,0,11.44937986,0.3494462335,76.01268516,,13634728,14.8285665,-0.00298,6.5,640,215,454,14.8,34.4,0.05108
1468,2024-01-08,0,11.95766919,0.9757457081,77.95650754,,13819442.75,14.56508032,-0.00437,6.5,640,215,454,14.8,34.4,0.05117
1469,2024-01-09,0,12.00890376,2.672430375,77.44643838,,13715645.5,14.30159413,-0.00575,6.5,640,215,454,14.8,34.4,0.05125
1470,2024-01-10,0,10.59056943,3.025986116,74.06945182,,15117215.75,14.03810795,-0.00713,6.5,640,215,454,14.8,34.4,0.05133
1471,2024-01-11,0,10.55425415,2.569544746,80.31477432,,14342050.5,13.77462176,-0.00852,6.5,640,215,454,14.8,34.4,0.05142
1472,2024-01-12,0,11.12605502,2.078545115,73.98459324,,15399466.5,13.83506663,-0.0099,6.5,640,215,454,14.8,34.4,0.0515
1473,2024-01-13,0,10.50978114,0.9946510549,78.85344179,,11057411.5,13.89551151,-0.01128,6.5,640,215,454,14.8,34.4,0.05158
1474,2024-01-14,0,10.55267487,2.10877357,74.15640262,,14437255,13.95595638,-0.01267,6.5,640,215,454,14.8,34.4,0.05167
1475,2024-01-15,0,9.425714111,1.289782205,78.5141398,,13662836.25,14.01640125,-0.01405,6.5,640,215,454,14.8,34.4,0.05175
1476,2024-01-16,0,10.56718661,1.638724708,74.73617516,,14469499.5,13.92646705,-0.01543,6.5,640,215,454,14.8,34.4,0.05183
1477,2024-01-17,0,11.09703534,1.804304321,79.01220459,,15007994.75,13.83653284,-0.01682,6.5,640,215,454,14.8,34.4,0.05192
1478,2024-01-18,0,11.68810361,0.8568488233,82.61071433,,14502771,13.74659864,-0.0182,6.5,640,215,454,14.8,34.4,0.052
1479,2024-01-19,0,11.37372742,0.9998826473,82.01037758,,13673635.25,13.65666444,-0.01958,6.5,640,215,454,14.8,34.4,0.05208
1480,2024-01-20,0,10.912699,1.321810601,79.29945432,,13723809.75,13.56673023,-0.02097,6.5,640,215,454,14.8,34.4,0.05217
1481,2024-01-21,0,10.72696012,2.725417687,78.25557059,,15978281.25,13.47679603,-0.02235,6.5,640,215,454,14.8,34.4,0.05225
1482,2024-01-22,0,10.63540738,0.3779633072,75.85551499,,15045351.75,13.38686183,-0.02373,6.5,640,215,454,14.8,34.4,0.05233
1483,2024-01-23,0,12.48978259,0.7556891079,76.28749944,,14622380.25,13.41005725,-0.02512,6.5,640,215,454,14.8,34.4,0.05242
1484,2024-01-24,0,12.93703804,1.573040894,76.97631756,,14971928.75,13.43325267,-0.0265,6.5,640,215,454,14.8,34.4,0.0525
1485,2024-01-25,0,12.62392578,0.8651037722,74.70940041,,15112536.25,13.45644809,-0.02788,6.5,640,215,454,14.8,34.4,0.05258
1486,2024-01-26,0,13.13833199,1.194218856,73.22500467,,15955469.75,14.67446526,-0.02927,6.5,640,215,454,14.8,34.4,0.05267
1487,2024-01-27,0,14.0831454,2.654333456,62.31268002,,16455063.13,15.89248244,-0.03065,6.5,640,215,454,14.8,34.4,0.05275
1488,2024-01-28,12.99191695,14.30031102,1.980495711,75.48466095,,12510482,14.86188056,-0.03203,6.5,640,215,454,14.8,34.4,0.05283
1489,2024-01-29,0,15.49274851,0.6658232634,77.00456765,,16081988,13.83127869,-0.03342,6.5,640,215,454,14.8,34.4,0.05292
1490,2024-01-30,0,15.22051837,0.7875303603,80.15547725,,15998551.75,14.31322678,-0.0348,6.5,640,215,454,14.8,34.4,0.053
1491,2024-01-31,0,15.34545606,1.614678994,86.62505266,,10320226.5,14.79517486,-0.03618,6.5,640,215,454,14.8,34.4,0.05308
1492,2024-02-01,0,15.63481801,3.075413809,84.72010218,,10925251,15.27712295,-0.03757,6.8,600,190,364,16.8,29.2,0.05317
1493,2024-02-02,0,13.49907455,2.747709639,74.39086048,,15168849,15.75907104,-0.03895,6.8,600,190,364,16.8,29.2,0.05325
1494,2024-02-03,0,15.61600075,1.547434761,58.55240819,,15761903.5,16.13953552,-0.04033,6.8,600,190,364,16.8,29.2,0.05333
1495,2024-02-04,0,16.50550168,1.506532128,84.84573154,,9158306.125,16.52,-0.04172,6.8,600,190,364,16.8,29.2,0.05342
1496,2024-02-05,0,14.65786069,2.148947489,77.33657572,,13711828,16.90046448,-0.0431,6.8,600,190,364,16.8,29.2,0.0535
1497,2024-02-06,0,12.73802592,2.88469634,63.75340827,,17883790.5,17.28092896,-0.04448,6.8,600,190,364,16.8,29.2,0.05358
1498,2024-02-07,0,13.34855232,3.79252009,58.05500467,,17843589,16.39711163,-0.04587,6.8,600,190,364,16.8,29.2,0.05367
1499,2024-02-08,0,13.73537216,4.540359489,54.74997409,,18608726.5,15.5132943,-0.04725,6.8,600,190,364,16.8,29.2,0.05375
1500,2024-02-09,0,13.68954748,1.324822844,66.40515616,,18454653.75,18.87065574,-0.04863,6.8,600,190,364,16.8,29.2,0.05383
1501,2024-02-10,0,14.19634018,1.364354315,66.04521498,,18567954.5,17.77721311,-0.05002,6.8,600,190,364,16.8,29.2,0.05392
1502,2024-02-11,0,14.68600489,1.738197833,70.74748532,,18550515.75,19.01967994,-0.0514,6.8,600,190,364,16.8,29.2,0.054
1503,2024-02-12,0,15.56325366,0.5495699255,70.645162,,16379133.5,19.69384356,-0.05278,6.8,600,190,364,16.8,29.2,0.05408
1504,2024-02-13,0,16.19565353,1.046731926,67.01244361,,16851944.63,20.36800719,-0.05417,6.8,600,190,364,16.8,29.2,0.05417
1505,2024-02-14,6.540231814,16.55157051,2.317793138,70.47092039,,18505668,21.04217082,-0.05555,6.8,600,190,364,16.8,29.2,0.05425
1506,2024-02-15,0,16.33059209,2.274087585,67.92169064,,18957569,20.19765027,-0.05693,6.8,600,190,364,16.8,29.2,0.05433
1507,2024-02-16,0,16.05988528,2.223757125,59.54707428,,19444186,21.58069477,-0.05832,6.8,600,190,364,16.8,29.2,0.05442
1508,2024-02-17,0,16.918971,2.249586565,55.61650587,,19429937,21.47754098,-0.0597,6.8,600,190,364,16.8,29.2,0.0545
1509,2024-02-18,0,19.10120862,2.308382843,57.66742006,,18653474.75,21.29588603,-0.06108,6.8,600,190,364,16.8,29.2,0.05458
1510,2024-02-19,0,20.1202179,4.450758929,62.60991359,,17860306,19.95850117,-0.06247,6.8,600,190,364,16.8,29.2,0.05467
1511,2024-02-20,6.238012274,19.69979757,1.031454646,61.10224174,,15459563.13,18.62111632,-0.06385,6.8,600,190,364,16.8,29.2,0.05475
1512,2024-02-21,0,17.95020765,1.852403538,55.48731442,,19682556,20.91301327,-0.06523,6.8,600,190,364,16.8,29.2,0.05483
1513,2024-02-22,0,16.4332297,2.481960527,49.54246479,,19011706.25,20.73935207,-0.06662,6.8,600,190,364,16.8,29.2,0.05492
1514,2024-02-23,0,15.5779129,2.103161136,45.23232829,,20558015.5,21.13423107,-0.068,6.8,600,190,364,16.8,29.2,0.055
1515,2024-02-24,8.214760602,16.01219775,0.6350971048,45.82373985,,18341336,18.78572209,-0.073,6.8,600,190,364,16.8,29.2,0.0514
1516,2024-02-25,0,16.90622864,2.005870005,39.17056405,,20091303.13,21.77409055,-0.078,6.8,600,190,364,16.8,29.2,0.0478
1517,2024-02-26,0,17.76096878,1.360355467,46.50318902,,16926748.5,21.86995316,-0.083,6.8,600,190,364,16.8,29.2,0.0442
1518,2024-02-27,0,17.1996774,2.628727047,50.07652863,,17963244.88,21.96581577,-0.088,6.8,600,190,364,16.8,29.2,0.0406
1519,2024-02-28,0,17.69367816,3.461794606,52.30425125,,20737893.75,22.06167838,-0.093,6.8,600,190,364,16.8,29.2,0.037
1520,2024-02-29,0,18.95663033,2.359868575,51.57235441,,21033283.5,23.27210773,-0.082,6.8,600,190,364,16.8,29.2,0.0344
1521,2024-03-01,0,20.84275525,1.985450164,55.22201273,,17832724.25,21.14003903,-0.071,6.8,600,190,364,16.8,29.2,0.0318
1522,2024-03-02,0,20.10298436,3.914687258,75.56195659,,14888905.13,19.00797034,-0.06,6.8,600,190,364,16.8,29.2,0.0292
1523,2024-03-03,0,17.02414665,1.490344022,68.63365347,,16351062.88,20.81069477,-0.049,6.8,600,190,364,16.8,29.2,0.0266
1524,2024-03-04,0,15.20005824,2.549215229,53.02263653,,21664252.7,22.6134192,-0.038,6.8,600,190,364,16.8,29.2,0.024
1525,2024-03-05,0,14.9892053,3.08123799,52.59985898,,22154097.03,21.15637002,-0.0424,6.8,600,190,364,16.8,29.2,0.0212
1526,2024-03-06,0,15.34856059,2.285134807,56.57991594,,19904620.81,21.18654957,-0.0468,6.8,600,190,364,16.8,29.2,0.0184
1527,2024-03-07,0,17.0973704,2.425273922,55.85509928,,21850604.5,21.21672912,-0.0512,6.8,600,190,364,16.8,29.2,0.0156
1528,2024-03-08,0,17.76354624,2.834701762,53.65569475,,22248208,23.18968774,-0.0556,6.8,600,190,364,16.8,29.2,0.0128
1529,2024-03-09,0,18.18084424,3.069261036,50.80206568,,22717448.56,23.5982904,-0.06,6.8,600,190,364,16.8,29.2,0.01
1530,2024-03-10,0,19.886424,1.006365375,50.80763663,,21760644.38,25.55004684,-0.051,6.8,600,190,364,16.8,29.2,0.0218
1531,2024-03-11,0,21.45947673,0.9834247289,51.98528305,,22106019.06,25.055121,-0.042,6.8,600,190,364,16.8,29.2,0.0336
1532,2024-03-12,0,20.73436317,2.161956141,56.65984493,,21363242.81,25.42537861,-0.033,6.8,600,190,364,16.8,29.2,0.0454
1533,2024-03-13,0,20.74802551,0.9935272107,52.34432867,,20193187.19,25.79563622,-0.024,6.8,600,190,364,16.8,29.2,0.0572
1534,2024-03-14,0,21.06867752,2.255450863,49.30583523,,21286645.63,24.38077283,-0.015,6.8,600,190,364,16.8,29.2,0.069
1535,2024-03-15,0,19.47375005,3.083609083,42.43821938,,23766608,26.37259173,-0.0038,6.8,600,190,364,16.8,29.2,0.076
1536,2024-03-16,0,19.72715912,1.902270859,46.05321052,,23182671,26.29927921,0.0074,6.8,600,190,364,16.8,29.2,0.083
1537,2024-03-17,0,20.31142515,2.020894181,46.91773326,,22658231.69,26.22596669,0.0186,6.8,600,190,364,16.8,29.2,0.09
1538,2024-03-18,0,20.79256719,1.970954122,46.98371495,,23940326.19,26.15265418,0.0298,6.8,600,190,364,16.8,29.2,0.097
1539,2024-03-19,0,21.42559586,2.037440035,46.5757737,,23745551.44,27.17359094,0.041,6.8,600,190,364,16.8,29.2,0.104
1540,2024-03-20,0,22.76259638,1.026951177,44.10436224,,23968770.06,27.39505855,0.03525,6.8,600,190,364,16.8,29.2,0.10545
1541,2024-03-21,0,22.23471731,3.033326551,59.32472119,,22872187.38,24.87576112,0.0295,6.8,600,190,364,16.8,29.2,0.1069
1542,2024-03-22,0,23.90197589,0.87315132,53.6703292,,23462976.25,23.16394582,0.02375,6.8,600,190,364,16.8,29.2,0.10835
1543,2024-03-23,0,25.01361745,2.768535234,44.29360495,,24042534.38,29.80063232,0.018,6.8,600,190,364,16.8,29.2,0.1098
1544,2024-03-24,0,23.60386365,2.035205814,46.16287588,,19011016.88,29.30569087,0.01225,6.8,600,190,364,16.8,29.2,0.11125
1545,2024-03-25,0,24.99909299,2.914109925,45.70255558,,24078872.5,28.81074941,0.0065,6.8,600,190,364,16.8,29.2,0.1127
1546,2024-03-26,0,26.40237071,1.810103124,44.2669759,,23094573.13,20.30831169,0.00075,6.8,600,190,364,16.8,29.2,0.11415
1547,2024-03-27,0,27.86215108,2.085032302,44.21656371,,23655128.75,23.89303563,-0.005,6.8,600,190,364,16.8,29.2,0.1156
1548,2024-03-28,0,28.07071966,1.99938023,43.14770551,,21672296.25,27.47775956,-0.01075,6.8,600,190,364,16.8,29.2,0.11705
1549,2024-03-29,13.82338428,28.49802742,1.15874456,48.66227997,,22611488.5,27.98540984,-0.0165,6.8,600,190,364,16.8,29.2,0.1185
1550,2024-03-30,0,26.64011281,1.287869912,51.83569496,,23057982.5,28.49306011,-0.02225,6.8,600,190,364,16.8,29.2,0.11995
1551,2024-03-31,0,26.61793289,3.115351546,40.47636641,,24363767.38,29.40169399,-0.028,6.8,600,190,364,16.8,29.2,0.1214
1552,2024-04-01,0,24.34577586,3.466545449,35.75704567,,23214859.63,26.52882904,-0.03375,7.1,576,200,388,8.2,26,0.12285
1553,2024-04-02,0,24.98790703,2.683172357,32.82420763,,24941975.13,30.29471507,-0.0395,7.1,576,200,388,8.2,26,0.1243
1554,2024-04-03,0,27.14011281,1.453032802,30.8182834,,23199903.5,29.64223263,-0.04525,7.1,576,200,388,8.2,26,0.12575
1555,2024-04-04,0,28.02809995,2.081490658,29.51942863,,24016710.5,28.9897502,-0.051,7.1,576,200,388,8.2,26,0.1272
1556,2024-04-05,0,27.35499725,3.134933248,26.95494284,,21564122.63,23.84111913,-0.05675,7.1,576,200,388,8.2,26,0.12865
1557,2024-04-06,0,26.46194166,3.019510079,25.79353404,,25968956.25,30.86258392,-0.0625,7.1,576,200,388,8.2,26,0.1301
1558,2024-04-07,0,26.18218066,2.670864239,25.60854609,,26480738.5,32.51515222,-0.06825,7.1,576,200,388,8.2,26,0.13155
1559,2024-04-08,0,27.10008901,1.972901598,23.47991897,,25820230.25,33.04422326,-0.074,7.1,576,200,388,8.2,26,0.133
1560,2024-04-09,0,27.41927999,1.137210607,23.02348134,,23158834.13,31.36271663,-0.0665,7.1,576,200,388,8.2,26,0.1318
1561,2024-04-10,0,28.37731323,0.7483609518,22.90348124,,26039020.75,29.68120999,-0.059,7.1,576,200,388,8.2,26,0.1306
1562,2024-04-11,5.24E-05,28.53315379,1.798636764,25.21393994,,25793351.25,28.27142703,-0.0515,7.1,576,200,388,8.2,26,0.1294
1563,2024-04-12,0.07478553445,29.55038414,1.627054996,23.8758508,,25714558,27.00904054,-0.044,7.1,576,200,388,8.2,26,0.1282
1564,2024-04-13,4.628681272,29.81607526,0.4091115507,29.1152889,,23546220.63,25.74665405,-0.0365,7.1,576,200,388,8.2,26,0.127
1565,2024-04-14,2.806548397,28.43756828,2.923938243,37.111517,,21041347.38,24.48426756,-0.029,7.1,576,200,388,8.2,26,0.1258
1566,2024-04-15,0.97161166,28.64946264,1.000884658,43.66796945,,17528413.38,23.22188107,-0.0215,7.1,576,200,388,8.2,26,0.1246
1567,2024-04-16,0,29.01242345,3.879119426,37.1175724,,24761648.75,21.95949458,-0.014,7.1,576,200,388,8.2,26,0.1234
1568,2024-04-17,0,28.66086922,4.354132297,26.44500851,,26869824.75,27.69516784,-0.0065,7.1,576,200,388,8.2,26,0.1222
1569,2024-04-18,0,30.40467796,3.13358637,29.33849175,,25439144.38,32.82211553,0.001,7.1,576,200,388,8.2,26,0.121
1570,2024-04-19,0,30.53899155,2.470197887,29.00184012,,23778200.25,33.11357533,-0.009,7.1,576,200,388,8.2,26,0.1178
1571,2024-04-20,0,29.78352063,3.300810433,29.23942251,,24897286.5,32.24830158,-0.019,7.1,576,200,388,8.2,26,0.1146
1572,2024-04-21,0,29.90445226,3.241072776,27.17784436,,24721878.38,31.38302782,-0.029,7.1,576,200,388,8.2,26,0.1114
1573,2024-04-22,0,29.69594917,2.481606714,23.50366435,,25289687.88,31.98373927,-0.039,7.1,576,200,388,8.2,26,0.1082
1574,2024-04-23,1.16461338,28.7898791,1.504677355,28.26970672,,24859689.75,33.74136612,-0.049,7.1,576,200,388,8.2,26,0.105
1575,2024-04-24,0,29.09368477,2.66654025,28.57776122,,26914964.88,32.78216237,-0.04793,7.1,576,200,388,8.2,26,0.10947
1576,2024-04-25,0,30.54001261,2.777949223,22.17140217,,27501977.13,34.82509758,-0.04687,7.1,576,200,388,8.2,26,0.11393
1577,2024-04-26,0,32.00901947,2.420305769,22.55217568,,25294995.5,33.47353438,-0.0458,7.1,576,200,388,8.2,26,0.1184
1578,2024-04-27,0,30.94214846,2.257628711,25.02658608,,24975469.5,32.12197117,-0.04473,7.1,576,200,388,8.2,26,0.12287
1579,2024-04-28,0,30.73046392,1.963109046,24.25276111,,25354566.25,30.77040797,-0.04367,7.1,576,200,388,8.2,26,0.12733
1580,2024-04-29,0,30.67435099,1.632000099,26.35609175,,24693876.88,29.41884477,-0.0426,7.1,576,200,388,8.2,26,0.1318
1581,2024-04-30,0,29.22576548,3.389950328,19.8827535,,28385234.25,32.58039813,-0.04153,7.1,576,200,388,8.2,26,0.13627
1582,2024-05-01,0,26.72465223,4.181611863,21.37900826,,28462394.25,30.71910226,-0.04047,7.1,544,220,400,12.4,18.2,0.14073
1583,2024-05-02,0,28.18802859,3.315707864,21.834821,,28581855.5,29.3335711,-0.0394,7.1,544,220,400,12.4,18.2,0.1452
1584,2024-05-03,0,31.14089228,3.118285236,18.90252756,,27172565.63,27.94803993,-0.03833,7.1,544,220,400,12.4,18.2,0.14967
1585,2024-05-04,0,32.31654447,2.334693989,19.23230913,,26058380.88,33.84205308,-0.03727,7.1,544,220,400,12.4,18.2,0.15413
1586,2024-05-05,0,33.00262413,3.480015874,21.11223531,,27832021.63,35.18205308,-0.0362,7.1,544,220,400,12.4,18.2,0.1586
1587,2024-05-06,0,33.18084043,2.771618434,22.63320365,,26568790.38,35.77409055,-0.03513,7.1,544,220,400,12.4,18.2,0.16307
1588,2024-05-07,0,32.71316999,1.589253281,28.86315811,,25158136.75,31.13818111,-0.03407,7.1,544,220,400,12.4,18.2,0.16753
1589,2024-05-08,0,31.81140035,3.837993582,43.06038493,,26675228.25,31.38075722,-0.033,7.1,544,220,400,12.4,18.2,0.172
1590,2024-05-09,0,31.51496213,3.417703738,42.55630961,,26164823.5,31.50815769,-0.0388,7.1,544,220,400,12.4,18.2,0.1622
1591,2024-05-10,3.981471941,32.1376339,2.404447816,44.50525725,,26022571.75,31.63555816,-0.0446,7.1,544,220,400,12.4,18.2,0.1524
1592,2024-05-11,0.265613248,31.70694631,0.4216370052,43.44574099,,26557179.5,32.88868852,-0.0504,7.1,544,220,400,12.4,18.2,0.1426
1593,2024-05-12,0,31.34508095,0.5971543212,39.95268818,,23239821,33.45065574,-0.0562,7.1,544,220,400,12.4,18.2,0.1328
1594,2024-05-13,0,31.99832179,1.234160557,27.44235402,,25073104,34.01262295,-0.062,7.1,544,220,400,12.4,18.2,0.123
1595,2024-05-14,0,32.29609261,2.388429906,22.48776293,,27473002,32.91387198,-0.0608,7.1,544,220,400,12.4,18.2,0.1296
1596,2024-05-15,0,33.06278445,0.5158298322,23.38360732,,28349542.5,36.85143638,-0.0596,7.1,544,220,400,12.4,18.2,0.1362
1597,2024-05-16,0,34.04690005,0.8920773333,23.14545336,,28438658,33.73599532,-0.0584,7.1,544,220,400,12.4,18.2,0.1428
1598,2024-05-17,0,35.10701459,2.517167103,19.51422819,,27381317.75,37.24338017,-0.0572,7.1,544,220,400,12.4,18.2,0.1494
1599,2024-05-18,0,36.15342229,3.564265942,16.68718541,,27781934,37.28133489,-0.056,7.1,544,220,400,12.4,18.2,0.156
1600,2024-05-19,0,36.17983716,3.135405188,17.12173907,,26862608.25,36.04572209,-0.052,7.1,544,220,400,12.4,18.2,0.1582
1601,2024-05-20,0,35.62913984,1.462565283,22.54285673,,27579208.5,38.04848556,-0.048,7.1,544,220,400,12.4,18.2,0.1604
1602,2024-05-21,0,34.62948189,2.233722887,36.66217954,,26708377,33.02606557,-0.044,7.1,544,220,400,12.4,18.2,0.1626
1603,2024-05-22,0,35.2835467,3.592588506,39.09484178,,26591001,33.86426561,-0.04,7.1,544,220,400,12.4,18.2,0.1648
1604,2024-05-23,0,34.80051448,3.921473409,41.22686578,,25482079.25,32.06180505,-0.036,7.1,544,220,400,12.4,18.2,0.167
1605,2024-05-24,0,34.58572477,2.536010174,41.08952536,,25300898.5,32.75526603,-0.051,7.1,544,220,400,12.4,18.2,0.1738
1606,2024-05-25,0,36.26176097,1.564269294,29.0049979,,26116712.5,36.16742389,-0.066,7.1,544,220,400,12.4,18.2,0.1806
1607,2024-05-26,0,36.413399,1.536782825,23.46976171,,28168042.75,37.4906089,-0.081,7.1,544,220,400,12.4,18.2,0.1874
1608,2024-05-27,0,36.04407654,1.138708607,26.9436538,,28136093.5,38.81379391,-0.096,7.1,544,220,400,12.4,18.2,0.1942
1609,2024-05-28,1.114330779,36.90133565,0.7172517846,18.8704663,,28565530.25,39.28306792,-0.111,7.1,544,220,400,12.4,18.2,0.201
1610,2024-05-29,0,37.55781326,0.4248533043,23.99178846,,27173271.25,36.00114754,-0.1082,7.1,544,220,400,12.4,18.2,0.205
1611,2024-05-30,0,37.04358253,1.281806024,20.35573818,,27040791.25,35.90611241,-0.1054,7.1,544,220,400,12.4,18.2,0.209
1612,2024-05-31,0,36.90203438,3.007497099,18.2831588,,27496323.75,32.61713797,-0.1026,7.1,544,220,400,12.4,18.2,0.213
1613,2024-06-01,0,37.13062566,2.18352371,20.28860834,,25148674.75,35.79693141,-0.0998,6.9,528,225,424,18,16.3,0.217
1614,2024-06-02,0,35.47545904,0.7219199858,30.29258782,,26110012.5,35.4097502,-0.097,6.9,528,225,424,18,16.3,0.221
1615,2024-06-03,0,35.65511983,2.298728655,26.19138182,,26537250.25,35.94103825,-0.053,6.9,528,225,424,18,16.3,0.279
1616,2024-06-04,0,36.21328125,2.572555222,22.05759205,,26171678.75,34.71669269,-0.009,6.9,528,225,424,18,16.3,0.337
1617,2024-06-05,0,34.81082306,1.805098477,32.10535799,,26154451,33.49234712,0.035,6.9,528,225,424,18,16.3,0.395
1618,2024-06-06,0,34.50398534,1.938735692,33.63858352,,26500091,32.26800156,0.079,6.9,528,225,424,18,16.3,0.453
1619,2024-06-07,0,35.05878156,3.430079396,31.40682088,,26006482.75,30.22913636,0.123,6.9,528,225,424,18,16.3,0.511
1620,2024-06-08,0,33.87675947,3.157276748,29.21176589,,25890468.75,35.55771272,0.0942,6.9,528,225,424,18,16.3,0.4438
1621,2024-06-09,0,34.44960938,3.34796,21.67165177,,28019498.25,37.32715847,0.0654,6.9,528,225,424,18,16.3,0.3766
1622,2024-06-10,0,35.16955846,2.942206341,21.01740979,,27537067,39.24313037,0.0366,6.9,528,225,424,18,16.3,0.3094
1623,2024-06-11,0.001571206129,35.48184738,2.247458244,21.7093237,,26886642.5,38.24250585,0.0078,6.9,528,225,424,18,16.3,0.2422
1624,2024-06-12,0.01602131627,36.21893781,3.159132896,20.03035678,,27736400,38.01053084,-0.021,6.9,528,225,424,18,16.3,0.175
1625,2024-06-13,6.125444343,37.5735349,4.731727198,19.56876475,,26174216.25,37.77855582,-0.0268,6.9,528,225,424,18,16.3,0.1756
1626,2024-06-14,0.01347234772,37.94222857,5.024636417,22.75330619,,24705766.5,36.66345824,-0.0326,6.9,528,225,424,18,16.3,0.1762
1627,2024-06-15,0.01608165872,37.90195045,4.778162238,23.74502028,,26309236.5,35.89930523,-0.0384,6.9,528,225,424,18,16.3,0.1768
1628,2024-06-16,0,38.49971288,4.633280329,23.26278997,,25983010.5,39.16389539,-0.0442,6.9,528,225,424,18,16.3,0.1774
1629,2024-06-17,0,38.88130913,4.646723435,25.27525974,,24081061.5,34.45818111,-0.05,6.9,528,225,424,18,16.3,0.178
1630,2024-06-18,0,38.91846809,5.287793931,27.80176874,,24297157,37.54447307,-0.0578,6.9,528,225,424,18,16.3,0.176
1631,2024-06-19,0,37.69431712,3.934508878,33.48841507,,25471111.75,30.78371841,-0.0656,6.9,528,225,424,18,16.3,0.174
1632,2024-06-20,0,35.03769836,0.8967819087,44.45954651,,23868780.5,32.64190995,-0.0734,6.9,528,225,424,18,16.3,0.172
1633,2024-06-21,0,31.95252571,1.593314954,58.65235824,,21822823.5,34.50010148,-0.0812,6.9,528,225,424,18,16.3,0.17
1634,2024-06-22,0,33.6358626,1.315216619,51.50037354,,22351738.5,34.42473726,-0.089,6.9,528,225,424,18,16.3,0.168
1635,2024-06-23,1.130147775,33.9007164,1.560137761,55.40489117,,23402960.5,34.34937304,-0.08827,6.9,528,225,424,18,16.3,0.16629
1636,2024-06-24,0,33.05582263,1.778542599,60.24249591,,19326768.5,34.21711111,-0.08754,6.9,528,225,424,18,16.3,0.16457
1637,2024-06-25,0,32.46415863,1.649401747,64.76958103,,19524206.75,34.08484918,-0.08681,6.9,528,225,424,18,16.3,0.16286
1638,2024-06-26,30.19956625,30.67785797,2.90929027,73.643562,,14410472.25,33.95258725,-0.08609,6.9,528,225,424,18,16.3,0.16114
1639,2024-06-27,0,28.11993815,3.314746093,83.49809248,,9746445.5,33.82032532,-0.08536,6.9,528,225,424,18,16.3,0.15943
1640,2024-06-28,25.62277853,28.18194288,1.584197252,86.75920193,,10492804.75,33.6880634,-0.08463,6.9,528,225,424,18,16.3,0.15771
1641,2024-06-29,24.27077015,28.88562737,1.221125252,84.5611424,,13353041.5,33.55580147,-0.0839,6.9,528,225,424,18,16.3,0.156
1642,2024-06-30,0,30.06864319,0.34951069,80.51712764,,18464318.5,33.42353954,-0.08317,6.9,528,225,424,18,16.3,0.15429
1643,2024-07-01,0,29.7342303,0.6167262113,82.32119781,,15839867,33.29127761,-0.08244,7.1,472,200,432,16,18.8,0.15257
1644,2024-07-02,39.43834488,29.56208827,0.4881650245,83.34538951,,13532670.75,33.15901568,-0.08171,7.1,472,200,432,16,18.8,0.15086
1645,2024-07-03,22.94002167,28.91454595,1.125960652,86.08065631,,9055884.5,33.02675375,-0.08099,7.1,472,200,432,16,18.8,0.14914
1646,2024-07-04,0,27.82826576,1.446230173,86.95959695,,7736583.5,32.89449182,-0.08026,7.1,472,200,432,16,18.8,0.14743
1647,2024-07-05,0,27.58982239,2.331226217,88.84597955,,12798445.25,32.76222989,-0.07953,7.1,472,200,432,16,18.8,0.14571
1648,2024-07-06,13.53915421,27.7202062,1.147403761,85.22123147,,7739436.75,32.62996796,-0.0788,7.1,472,200,432,16,18.8,0.144
1649,2024-07-07,0,28.44216372,0.8199070813,79.44871235,,13571855.5,32.49770603,-0.07807,7.1,472,200,432,16,18.8,0.14229
1650,2024-07-08,0,28.92586988,1.833741586,79.46134539,,18034091.25,32.3654441,-0.07734,7.1,472,200,432,16,18.8,0.14057
1651,2024-07-09,22.66177642,30.24870262,0.9195781145,79.68260095,,19998018.88,32.23318217,-0.07661,7.1,472,200,432,16,18.8,0.13886
1652,2024-07-10,15.84611841,31.11714579,0.7161150054,76.37379063,,21699608.63,32.10092025,-0.07589,7.1,472,200,432,16,18.8,0.13714
1653,2024-07-11,14.61946132,32.36533826,1.963423481,69.35451823,,21668979.75,24.57,-0.07516,7.1,472,200,432,16,18.8,0.13543
1654,2024-07-12,0,30.71289597,1.675636234,74.50808686,,20250190.75,25.46817109,-0.07443,7.1,472,200,432,16,18.8,0.13371
1655,2024-07-13,0,29.2474088,0.7208883252,82.44515359,,16946759.75,26.36634218,-0.0737,7.1,472,200,432,16,18.8,0.132
1656,2024-07-14,0,30.84219577,0.4929094018,74.21249532,,23031782.38,27.26451327,-0.07297,7.1,472,200,432,16,18.8,0.13029
1657,2024-07-15,14.61946132,30.02389997,2.540971051,81.0422485,,17988194.38,28.16268437,-0.07224,7.1,472,200,432,16,18.8,0.12857
1658,2024-07-16,0,30.63655497,2.489085159,77.1531625,,18361477.5,29.06085546,-0.07151,7.1,472,200,432,16,18.8,0.12686
1659,2024-07-17,0,31.08689016,2.21460444,75.97759971,,21342130.5,29.95902655,-0.07079,7.1,472,200,432,16,18.8,0.12514
1660,2024-07-18,12.89446193,30.6335242,1.542413106,81.13806818,,17806267.63,30.85719764,-0.07006,7.1,472,200,432,16,18.8,0.12343
1661,2024-07-19,5.921209157,30.0082133,2.283904205,81.40240897,,19295426,31.75536873,-0.06933,7.1,472,200,432,16,18.8,0.12171
1662,2024-07-20,0,30.94428215,1.926433999,75.84685555,,20818589.25,32.65353982,-0.0686,7.1,472,200,432,16,18.8,0.12
1663,2024-07-21,0,31.04281006,2.24866162,78.29548741,,19496739,32.58615852,-0.06787,7.1,472,200,432,16,18.8,0.11829
1664,2024-07-22,24.89352437,30.92985687,2.085816593,77.34211881,,18137491.38,32.51877721,-0.06714,7.1,472,200,432,16,18.8,0.11657
1665,2024-07-23,0,30.60802549,1.07939811,80.13033285,,19676104.63,32.45139591,-0.06641,7.1,472,200,432,16,18.8,0.11486
1666,2024-07-24,0,29.42619476,0.4350499416,85.93979338,,11578800.25,32.3840146,-0.06569,7.1,472,200,432,16,18.8,0.11314
1667,2024-07-25,24.89352437,30.36718966,0.7648545215,81.39806621,,17777994,32.3166333,-0.06496,7.1,472,200,432,16,18.8,0.11143
1668,2024-07-26,18.64901205,30.1208772,0.2664344679,81.74257403,,15030596.75,32.24925199,-0.06423,7.1,472,200,432,16,18.8,0.10971
1669,2024-07-27,0,29.75085538,1.3174275,85.53252962,,14827575.13,32.18187069,-0.0635,7.1,472,200,432,16,18.8,0.108
1670,2024-07-28,0,31.46169497,2.011372061,76.28243733,,18302624.5,32.11448939,-0.06277,7.1,472,200,432,16,18.8,0.10629
1671,2024-07-29,0,31.58415184,2.792208906,74.45917522,,20626027.5,32.04710808,-0.06204,7.1,472,200,432,16,18.8,0.10457
1672,2024-07-30,0,32.3052962,1.776932732,73.83469025,,19537112.5,31.97972678,-0.06131,7.1,472,200,432,16,18.8,0.10286
1673,2024-07-31,16.04623069,29.5370238,1.76921291,85.73779127,,8804834.875,31.45244496,-0.06059,7.1,472,200,432,16,18.8,0.10114
1674,2024-08-01,0,28.02576154,1.704977779,83.42123805,,9016808.625,30.92516315,-0.05986,7.1,472,200,432,16,18.8,0.09943
1675,2024-08-02,21.21787091,28.86482201,2.76312888,83.17213148,,15100015.38,30.39788134,-0.05913,7.1,472,200,432,16,18.8,0.09771
1676,2024-08-03,0,29.11479467,3.54019766,78.72806279,,17593867.63,29.87059953,-0.0584,7.1,472,200,432,16,18.8,0.096
1677,2024-08-04,0,29.52710431,4.185391871,75.8749962,,17202036.75,29.34331772,-0.05767,7.1,472,200,432,16,18.8,0.09429
1678,2024-08-05,0,28.73816961,4.497074314,76.84083811,,16835957.88,29.40863985,-0.05694,7.1,472,200,432,16,18.8,0.09257
1679,2024-08-06,0,28.44307798,3.071468765,76.22487109,,13636421.5,29.47396198,-0.05621,7.1,472,200,432,16,18.8,0.09086
1680,2024-08-07,21.95685995,26.71022758,1.672279843,91.01141692,,6422562.125,29.53928411,-0.05549,7.1,472,200,432,16,18.8,0.08914
1681,2024-08-08,0,28.23307889,2.756384287,82.24952691,,15864801.25,29.60460624,-0.05476,7.1,472,200,432,16,18.8,0.08743
1682,2024-08-09,21.95685995,27.97336349,1.610852086,85.86312772,,13443006.13,29.66992836,-0.05403,7.1,472,200,432,16,18.8,0.08571
1683,2024-08-10,20.3626014,27.73746897,1.012689006,88.52520558,,13285303.38,29.73525049,-0.0533,7.1,472,200,432,16,18.8,0.084
1684,2024-08-11,12.4762612,26.88126844,1.191017776,91.38430449,,7432645.75,29.80057262,-0.05257,7.1,472,200,432,16,18.8,0.08229
1685,2024-08-12,26.07742099,26.75012105,2.036805104,91.13643939,,7072947.5,29.86589475,-0.05184,7.1,472,200,432,16,18.8,0.08057
1686,2024-08-13,4.794183612,26.96834145,1.782069413,91.55867025,,7365100.25,29.93121688,-0.05111,7.1,472,200,432,16,18.8,0.07886
1687,2024-08-14,0,27.91960996,1.877771397,87.95608851,,12154645.88,29.99653901,-0.05039,7.1,472,200,432,16,18.8,0.07714
1688,2024-08-15,0,28.6199585,2.085985052,85.67229232,,16214680.63,30.06186114,-0.04966,7.1,472,200,432,16,18.8,0.07543
1689,2024-08-16,0,28.09985377,2.241726389,88.51589408,,14509842.62,30.12718327,-0.04893,7.1,472,200,432,16,18.8,0.07371
1690,2024-08-17,8.776885619,28.87854602,0.8032538302,83.25804454,,16434983.25,30.1925054,-0.0482,7.1,472,200,432,16,18.8,0.072
1691,2024-08-18,9.486768146,29.12222315,2.017759693,81.69057395,,14389172.13,30.25782752,-0.04747,7.1,472,200,432,16,18.8,0.07029
1692,2024-08-19,17.55377124,29.06124268,2.08111606,80.19105843,,16671337.63,30.32314965,-0.04674,7.1,472,200,432,16,18.8,0.06857
1693,2024-08-20,18.26365372,27.9056647,0.2438582937,87.40043591,,11988315,30.38847178,-0.04601,7.1,472,200,432,16,18.8,0.06686
1694,2024-08-21,12.96011508,28.88399595,0.3492899118,83.61862566,,18178113.25,30.45379391,-0.04529,7.1,472,200,432,16,18.8,0.06514
1695,2024-08-22,17.82865385,29.22118276,0.7173291125,83.49722611,,19207519.63,30.38673414,-0.04456,7.1,472,200,432,16,18.8,0.06343
1696,2024-08-23,5.046421379,28.1402743,0.4927975676,85.44297221,,13026157.88,30.31967438,-0.04383,7.1,472,200,432,16,18.8,0.06171
1697,2024-08-24,8.551047156,29.08281606,1.584200068,81.63664819,,17981473.5,30.25261461,-0.0431,7.1,472,200,432,16,18.8,0.06
1698,2024-08-25,5.216593792,28.98757833,3.610627341,78.4508822,,19761157,30.18555484,-0.04237,7.1,472,200,432,16,18.8,0.05829
1699,2024-08-26,15.8489747,27.77345746,3.982058025,83.88444671,,16110185.88,30.11849507,-0.04164,7.1,472,200,432,16,18.8,0.05657
1700,2024-08-27,17.62265003,26.93730825,3.572187293,86.64520789,,13458973,30.0514353,-0.04091,7.1,472,200,432,16,18.8,0.05486
1701,2024-08-28,17.84159136,26.83058319,2.258796404,87.97979749,,14829381.63,29.98437554,-0.04019,7.1,472,200,432,16,18.8,0.05314
1702,2024-08-29,6.845930457,27.47039948,2.224269701,83.62156951,,12017657.63,29.91731577,-0.03946,7.1,472,200,432,16,18.8,0.05143
1703,2024-08-30,1.543426901,28.29434102,0.1895958081,84.95774132,,19974092.75,29.850256,-0.03873,7.1,472,200,432,16,18.8,0.04971
1704,2024-08-31,1.931234285,29.35583267,2.023071932,78.68644088,,19802174.38,29.06336927,-0.038,7.1,472,200,432,16,18.8,0.048
1705,2024-09-01,15.20197787,29.47056986,0.5724628951,79.57341532,,19106150,29.02924032,-0.0375,7.4,456,180,404,12,24.5,0.0462
1706,2024-09-02,0,27.82463099,2.419982806,83.74595258,,13593884,28.99511137,-0.037,7.4,456,180,404,12,24.5,0.0444
1707,2024-09-03,30.40395574,28.4110377,1.662199258,83.5709498,,16850691.63,28.96098242,-0.0365,7.4,456,180,404,12,24.5,0.0426
1708,2024-09-04,45.60593232,27.69221204,0.3219690752,86.75859001,,14540634.13,28.92685347,-0.036,7.4,456,180,404,12,24.5,0.0408
1709,2024-09-05,0,27.48403702,0.4247436717,84.85107717,,14401285.38,28.89272452,-0.0355,7.4,456,180,404,12,24.5,0.039
1710,2024-09-06,0,26.74513079,2.050534578,89.27595599,,12892161.25,28.85859557,-0.035,7.4,456,180,404,12,24.5,0.0372
1711,2024-09-07,31.3131576,27.08366419,0.4384299261,89.05776497,,11071349.75,28.82446662,-0.0345,7.4,456,180,404,12,24.5,0.0354
1712,2024-09-08,40.45252236,28.09407578,1.332475911,83.90207045,,13947332.63,28.79033767,-0.034,7.4,456,180,404,12,24.5,0.0336
1713,2024-09-09,0,28.38988012,0.6363201974,84.89115815,,15736138.5,28.75620872,-0.0335,7.4,456,180,404,12,24.5,0.0318
1714,2024-09-10,31.3131576,28.43320999,0.424439149,87.91247681,,16118775.88,27.42178341,-0.033,7.4,456,180,404,12,24.5,0.03
1715,2024-09-11,28.12687596,27.51865603,1.476382928,87.54966797,,9461096.625,26.08735811,-0.0346,7.4,456,180,404,12,24.5,0.0336
1716,2024-09-12,38.16913176,24.82782834,3.845892867,91.10604124,,1848328.5,24.7529328,-0.0362,7.4,456,180,404,12,24.5,0.0372
1717,2024-09-13,12.09838384,24.69752719,1.67143571,90.73889695,,3544702.125,23.4185075,-0.0378,7.4,456,180,404,12,24.5,0.0408
1718,2024-09-14,6.598222593,26.32313754,1.872154453,84.08230458,,13068942.5,22.08408219,-0.0394,7.4,456,180,404,12,24.5,0.0444
1719,2024-09-15,6.926220894,26.86407433,2.399843694,78.98134653,,19447640.5,24.65124875,-0.041,7.4,456,180,404,12,24.5,0.048
1720,2024-09-16,0,27.05883369,2.690540257,75.07871414,,20117795.63,27.2184153,-0.0426,7.4,456,180,404,12,24.5,0.0516
1721,2024-09-17,0,27.5418443,0.6919451786,78.19370756,,14543358,27.40904241,-0.0442,7.4,456,180,404,12,24.5,0.0552
1722,2024-09-18,8.77437373,24.12565002,3.15140309,88.99056225,,5620944.25,27.59966953,-0.0458,7.4,456,180,404,12,24.5,0.0588
1723,2024-09-19,0,26.86963234,1.41446235,86.26237539,,16008534.63,27.79029664,-0.0474,7.4,456,180,404,12,24.5,0.0624
1724,2024-09-20,0,27.48917033,1.382904695,78.94423125,,17165113.88,27.98092376,-0.049,7.4,456,180,404,12,24.5,0.066
1725,2024-09-21,0,28.41091436,0.676931345,77.32323399,,15818492,28.17155087,-0.0532,7.4,456,180,404,12,24.5,0.07287
1726,2024-09-22,0,28.99737638,1.352100653,77.90064429,,15038280.75,28.36217799,-0.0574,7.4,456,180,404,12,24.5,0.07973
1727,2024-09-23,0,28.95746574,1.7285824,77.8396152,,20260218.25,30.40526214,-0.0616,7.4,456,180,404,12,24.5,0.0866
1728,2024-09-24,0,29.28361791,0.3539383265,76.95187813,,19100590.38,31.01844653,-0.0658,7.4,456,180,404,12,24.5,0.09347
1729,2024-09-25,11.52115202,28.46749776,2.890066455,83.29011277,,14740483,30.27194536,-0.07,7.4,456,180,404,12,24.5,0.10033
1730,2024-09-26,0,28.03976021,2.495511591,80.82490626,,16226090.69,29.52544418,-0.0742,7.4,456,180,404,12,24.5,0.1072
1731,2024-09-27,0,26.82652245,2.766012116,79.63689247,,12962934.25,28.77894301,-0.0784,7.4,456,180,404,12,24.5,0.11407
1732,2024-09-28,0,26.27351278,2.071169288,80.03001871,,13677082.62,28.03244184,-0.0826,7.4,456,180,404,12,24.5,0.12093
1733,2024-09-29,0,26.58600578,0.3682094134,81.63986071,,16363106.63,27.28594067,-0.0868,7.4,456,180,404,12,24.5,0.1278
1734,2024-09-30,0,27.53767675,2.343641517,76.14673019,,18138784.5,28.97459797,-0.091,7.4,456,180,404,12,24.5,0.13467
1735,2024-10-01,0,28.44650485,1.895651022,75.39273938,,19213403.56,30.66325527,-0.0952,7.8,440,166,424,14.4,17.5,0.14153
1736,2024-10-02,3.11E-05,28.53013,2.017027155,75.29829879,,20146013.94,31.47193599,-0.0994,7.8,440,166,424,14.4,17.5,0.1484
1737,2024-10-03,0.0001403985325,28.13892072,1.112350802,69.10722163,,20373638.75,31.60458236,-0.1036,7.8,440,166,424,14.4,17.5,0.15527
1738,2024-10-04,4.16948689,28.20063553,0.656194146,72.01266169,,19968985.56,30.72195941,-0.1078,7.8,440,166,424,14.4,17.5,0.16213
1739,2024-10-05,4.319253743,28.12361488,1.886286303,70.29922392,,19435924.56,28.59512648,-0.112,7.8,440,166,424,14.4,17.5,0.169
1740,2024-10-06,0,27.24664523,1.755264357,69.97083829,,19398611.88,31.05637002,-0.1124,7.8,440,166,424,14.4,17.5,0.1634
1741,2024-10-07,0,26.36845487,1.219574002,70.83613901,,19642166.12,29.66124122,-0.1128,7.8,440,166,424,14.4,17.5,0.1578
1742,2024-10-08,0,26.55487086,0.9124515463,72.12605573,,18362199.96,30.73952381,-0.1132,7.8,440,166,424,14.4,17.5,0.1522
1743,2024-10-09,0,26.18690389,2.121284094,66.71090771,,19447839.79,29.50291179,-0.1136,7.8,440,166,424,14.4,17.5,0.1466
1744,2024-10-10,0,25.65873235,2.62450136,58.58748333,,19497502.13,29.14592506,-0.114,7.8,440,166,424,14.4,17.5,0.141
1745,2024-10-11,0,24.80613798,2.387620594,61.77510404,,19729873.5,29.91448087,-0.1008,7.8,440,166,424,14.4,17.5,0.134
1746,2024-10-12,0,25.17052422,0.6047805106,63.52692334,,19553546.63,29.75270101,-0.0876,7.8,440,166,424,14.4,17.5,0.127
1747,2024-10-13,0,26.02800776,0.2750263303,60.3846458,,18641635,29.59092116,-0.0744,7.8,440,166,424,14.4,17.5,0.12
1748,2024-10-14,0,25.07512817,1.489488469,60.37499429,,19250973.25,28.44820453,-0.0612,7.8,440,166,424,14.4,17.5,0.113
1749,2024-10-15,0,24.84179268,2.166852752,60.97978462,,19050147,28.4098751,-0.048,7.8,440,166,424,14.4,17.5,0.106
1750,2024-10-16,0,25.61071676,0.2078996424,61.69741304,,17997700,29.04928181,-0.0338,7.8,440,166,424,14.4,17.5,0.0992
1751,2024-10-17,0,25.71525345,1.219088382,66.53237185,,17881550,28.53082748,-0.0196,7.8,440,166,424,14.4,17.5,0.0924
1752,2024-10-18,0,25.95412598,0.9033782643,66.82014235,,18498666,29.49677596,-0.0054,7.8,440,166,424,14.4,17.5,0.0856
1753,2024-10-19,0,26.68008003,0.760216542,66.38800739,,18411455,29.90826698,0.0088,7.8,440,166,424,14.4,17.5,0.0788
1754,2024-10-20,0,26.6510273,1.45999349,67.74013697,,17942427.5,29.10099141,0.023,7.8,440,166,424,14.4,17.5,0.072
1755,2024-10-21,0,26.1421346,1.274834987,66.76453313,,17939014.5,28.45991413,0.0152,7.8,440,166,424,14.4,17.5,0.0812
1756,2024-10-22,0,25.54684092,1.495423825,68.35945848,,17922125.75,27.52328649,0.0074,7.8,440,166,424,14.4,17.5,0.0904
1757,2024-10-23,0,25.84653244,2.637836383,59.14491546,,17468607.25,28.83240437,-0.0004,7.8,440,166,424,14.4,17.5,0.0996
1758,2024-10-24,0,25.41331762,2.654203862,57.86781029,,18091501.75,29.35199844,-0.0082,7.8,440,166,424,14.4,17.5,0.1088
1759,2024-10-25,0,24.72281164,2.497317073,62.75813428,,17916353.5,28.5526854,-0.016,7.8,440,166,424,14.4,17.5,0.118
1760,2024-10-26,0,24.51147359,1.061614438,65.92565312,,17803764.5,28.26645589,-0.0112,7.8,440,166,424,14.4,17.5,0.1106
1761,2024-10-27,0,25.03776321,1.403869558,70.61829675,,17305112.5,27.32213115,-0.0064,7.8,440,166,424,14.4,17.5,0.1032
1762,2024-10-28,0,25.51512998,1.986209663,69.73162425,,16765069,28.21740047,-0.0016,7.8,440,166,424,14.4,17.5,0.0958
1763,2024-10-29,0,26.1982844,1.272471655,68.87873598,,16970055.25,27.65627635,0.0032,7.8,440,166,424,14.4,17.5,0.0884
1764,2024-10-30,0,26.70512861,0.6950151174,63.75255261,,17078462,29.15135831,0.008,7.8,440,166,424,14.4,17.5,0.081
1765,2024-10-31,0,25.91748645,3.011835681,55.11076489,,17152278.75,28.59177986,-0.0024,7.8,440,166,424,14.4,17.5,0.0726
1766,2024-11-01,0,24.85204595,2.097784839,54.61431187,,17398371.25,27.70494145,-0.0128,7.2,336,180,344,15.2,20.1,0.0642
1767,2024-11-02,0,24.11327578,0.4846360843,58.70126993,,17096768.25,26.81810304,-0.0232,7.2,336,180,344,15.2,20.1,0.0558
1768,2024-11-03,0,23.87989133,0.7969097223,61.066092,,16708810.75,26.01839969,-0.0336,7.2,336,180,344,15.2,20.1,0.0474
1769,2024-11-04,0,23.40633227,0.4835649031,64.80407412,,16698978.5,25.21869633,-0.044,7.2,336,180,344,15.2,20.1,0.039
1770,2024-11-05,0,23.6544548,1.359823718,69.68070433,,16208394,25.89626073,0.001,7.2,336,180,344,15.2,20.1,0.0618
1771,2024-11-06,0,24.12736727,0.2241414388,69.62617857,,15920048.75,25.17800937,0.046,7.2,336,180,344,15.2,20.1,0.0846
1772,2024-11-07,0,24.21944199,0.9002878227,70.42924563,,15160658.5,24.96319282,0.091,7.2,336,180,344,15.2,20.1,0.1074
1773,2024-11-08,0,24.42112503,1.250728595,70.04195091,,15164585.5,22.28976581,0.136,7.2,336,180,344,15.2,20.1,0.1302
1774,2024-11-09,0,24.46507924,1.812282971,69.68877608,,13910467.25,24.86595628,0.181,7.2,336,180,344,15.2,20.1,0.153
1775,2024-11-10,0,24.82079023,1.172993131,70.66057855,,15406349.5,25.51741608,0.1472,7.2,336,180,344,15.2,20.1,0.1322
1776,2024-11-11,0,24.25841103,0.9571651078,73.08673041,,14292280.75,25.11626073,0.1134,7.2,336,180,344,15.2,20.1,0.1114
1777,2024-11-12,0,23.95398801,0.9806345943,64.9347516,,15378867.75,26.46934426,0.0796,7.2,336,180,344,15.2,20.1,0.0906
1778,2024-11-13,0,22.26657893,1.401523139,71.63688425,,15494659,21.69,0.0458,7.2,336,180,344,15.2,20.1,0.0698
1779,2024-11-14,0,22.07847366,0.8641400556,71.19810631,,15303880.75,22.88690867,0.012,7.2,336,180,344,15.2,20.1,0.049
1780,2024-11-15,0,21.88207715,1.885979448,69.24310488,,15170016.75,24.444395,0.0049,7.2,336,180,344,15.2,20.1,0.0488
1781,2024-11-16,0,21.75129979,2.12518677,68.73741965,,15261478.75,22.80993755,-0.0022,7.2,336,180,344,15.2,20.1,0.0486
1782,2024-11-17,0,20.81948115,2.621235737,71.46708629,,14477338.5,23.0595082,-0.0093,7.2,336,180,344,15.2,20.1,0.0484
1783,2024-11-18,0,19.31749051,2.275689662,71.08962793,,14552855.25,21.78074543,-0.0164,7.2,336,180,344,15.2,20.1,0.0482
1784,2024-11-19,0,18.65548541,2.128348945,66.12671008,,15491421.75,20.50198267,-0.0235,7.2,336,180,344,15.2,20.1,0.048
1785,2024-11-20,0,18.55473417,1.607347672,63.52175872,,15550402.25,21.78444184,-0.0306,7.2,336,180,344,15.2,20.1,0.0478
1786,2024-11-21,0,18.40999184,1.599048004,62.20106761,,15474408.5,20.24323966,-0.0377,7.2,336,180,344,15.2,20.1,0.0476
1787,2024-11-22,0,19.43155886,0.7322027391,64.66475086,,15097345.5,21.09626073,-0.0448,7.2,336,180,344,15.2,20.1,0.0474
1788,2024-11-23,0,19.86339722,1.258386518,64.94396683,,14763835.25,21.09320062,-0.0519,7.2,336,180,344,15.2,20.1,0.0472
1789,2024-11-24,0,20.27502975,2.425008341,58.99535474,,14853833,21.09014052,-0.059,7.2,336,180,344,15.2,20.1,0.047
1790,2024-11-25,0,19.37090391,2.593163504,67.23337374,,14790197.25,21.08125683,-0.0528,7.2,336,180,344,15.2,20.1,0.0414
1791,2024-11-26,0,18.32185135,2.411846011,62.10053147,,14922486.5,21.07237315,-0.0466,7.2,336,180,344,15.2,20.1,0.0358
1792,2024-11-27,0,18.41519953,1.359019568,59.83671051,,14990730.5,21.81163934,-0.0404,7.2,336,180,344,15.2,20.1,0.0302
1793,2024-11-28,0,17.94062703,1.188430165,62.20085336,,14974095.25,20.58545667,-0.0342,7.2,336,180,344,15.2,20.1,0.0246
1794,2024-11-29,0,17.36912181,1.067824233,66.21655234,,14748164,20.5510929,-0.028,7.2,336,180,344,15.2,20.1,0.019
1795,2024-11-30,0,17.38146871,1.928267869,63.68965058,,14556057,20.39505855,-0.0362,7.2,336,180,344,15.2,20.1,0.0172
1796,2024-12-01,0.5594571928,17.81234449,2.019855498,65.44161317,,14260012.25,20.2390242,-0.0444,6.7,408,133,448,16.8,12.2,0.0154
1797,2024-12-02,0,18.18895429,2.091735287,63.87823437,,14471437.75,21.64245902,-0.0526,6.7,408,133,448,16.8,12.2,0.0136
1798,2024-12-03,0,18.45342534,2.535292597,58.0640722,,14419772,20.66953162,-0.0608,6.7,408,133,448,16.8,12.2,0.0118
1799,2024-12-04,0,18.49782842,3.452106403,53.33939201,,14481701.25,20.68503513,-0.069,6.7,408,133,448,16.8,12.2,0.01
1800,2024-12-05,0,16.54975344,3.011856711,48.03980814,,14816797.75,19.81156128,-0.0639,6.7,408,133,448,16.8,12.2,0.0152
1801,2024-12-06,0,16.13664525,2.729800232,55.74751807,,14657502.5,18.93808743,-0.0588,6.7,408,133,448,16.8,12.2,0.0204
1802,2024-12-07,0,15.06152051,0.7263572764,56.64263579,,14617648,19.42160031,-0.0537,6.7,408,133,448,16.8,12.2,0.0256
1803,2024-12-08,8.588572562,15.89150009,2.904530113,57.1372727,,13187844,16.86765348,-0.0486,6.7,408,133,448,16.8,12.2,0.0308
1804,2024-12-09,0,14.52404048,1.020746845,60.60190576,,14098046.25,17.14845433,-0.0435,6.7,408,133,448,16.8,12.2,0.036
1805,2024-12-10,0,13.77822393,3.235969258,48.25413903,,14583378,15.52753903,-0.0518,6.7,408,133,448,16.8,12.2,0.0338
1806,2024-12-11,0,13.216141,2.90979761,45.98336065,,14814704.75,15.95577674,-0.0601,6.7,408,133,448,16.8,12.2,0.0316
1807,2024-12-12,0,13.75454165,3.063061328,53.06750812,,14694379,17.32558158,-0.0684,6.7,408,133,448,16.8,12.2,0.0294
1808,2024-12-13,0,14.26379293,3.971357707,44.80593217,,14832819.75,16.36367681,-0.0767,6.7,408,133,448,16.8,12.2,0.0272
1809,2024-12-14,0,13.62794584,3.13110781,48.63173396,,14690722.5,16.28131928,-0.085,6.7,408,133,448,16.8,12.2,0.025
1810,2024-12-15,0,12.61407305,1.485311475,59.11038153,,14732421,15.80493365,-0.0688,6.7,408,133,448,16.8,12.2,0.0294
1811,2024-12-16,0,12.72347158,1.471840258,65.13643767,,14630850.75,15.32854801,-0.0526,6.7,408,133,448,16.8,12.2,0.0338
1812,2024-12-17,0,13.68841197,1.018516871,68.01495251,,14436014.25,18.17059347,-0.0364,6.7,408,133,448,16.8,12.2,0.0382
1813,2024-12-18,0,13.57406069,1.284274361,67.46604946,,14468325.25,14.95795136,-0.0202,6.7,408,133,448,16.8,12.2,0.0426
1814,2024-12-19,0,13.63313955,1.836857134,68.51174174,,14207861,15.44351324,-0.004,6.7,408,133,448,16.8,12.2,0.047
1815,2024-12-20,8.700439682,14.79923147,1.735396755,69.09310929,,12706443.75,15.92907512,-0.00572,6.7,408,133,448,16.8,12.2,0.04708
1816,2024-12-21,0,14.78674914,1.939036288,67.25213484,,14165532.25,16.414637,-0.00744,6.7,408,133,448,16.8,12.2,0.04716
1817,2024-12-22,0,15.44508324,1.306198823,64.96947041,,14131105.25,16.48024512,-0.00916,6.7,408,133,448,16.8,12.2,0.04724
1818,2024-12-23,5.207392842,13.88004964,2.419821291,72.59370471,,8243297.5,16.54585324,-0.01088,6.7,408,133,448,16.8,12.2,0.04732
1819,2024-12-24,0,15.62152952,1.577865917,71.84844458,,12059728,16.61146136,-0.0126,6.7,408,133,448,16.8,12.2,0.0474
1820,2024-12-25,0,15.15447197,1.835632527,72.96402887,,13555548,16.67706948,-0.01432,6.7,408,133,448,16.8,12.2,0.04748
1821,2024-12-26,0,16.10806236,0.915357954,68.07165191,,14047886.25,16.7426776,-0.01604,6.7,408,133,448,16.8,12.2,0.04756
1822,2024-12-27,7.84413741,14.59915187,2.349061936,87.00344341,,3875494.5,16.58942953,-0.01776,6.7,408,133,448,16.8,12.2,0.04764
1823,2024-12-28,0,15.06730296,0.9915422767,90.75730795,,3366772,16.43618147,-0.01948,6.7,408,133,448,16.8,12.2,0.04772
1824,2024-12-29,0,13.56522013,2.722800647,85.73032295,,11807291,16.28293341,-0.0212,6.7,408,133,448,16.8,12.2,0.0478
1825,2024-12-30,0,11.53279711,2.428469324,85.68755877,,12905844.25,16.12968534,-0.02292,6.7,408,133,448,16.8,12.2,0.04788
1826,2024-12-31,0,10.03424479,1.451344583,88.79546941,,9903272.5,15.97643728,-0.02464,6.7,408,133,448,16.8,12.2,0.04796
1827,2025-01-01,0,11.17692909,2.469301934,80.15241761,,14392587,15.82318922,-0.02636,6.6,400,150,416,12.8,13.1,0.04804
1828,2025-01-02,0,12.14867999,2.389387612,79.90774873,,14078855,15.66994115,-0.02808,6.6,400,150,416,12.8,13.1,0.04812
1829,2025-01-03,5.852124314,12.87518336,1.844308335,78.43453394,,13640352.75,15.51669309,-0.0298,6.6,400,150,416,12.8,13.1,0.0482
1830,2025-01-04,0,13.25856171,1.523895211,83.4505011,,14621646.5,15.36344502,-0.03152,6.6,400,150,416,12.8,13.1,0.04828
1831,2025-01-05,0,12.07864278,2.338292887,87.72941837,,11264182.25,15.21019696,-0.03324,6.6,400,150,416,12.8,13.1,0.04836
1832,2025-01-06,6.358606607,12.80568403,1.215749208,85.22821541,,9940636.5,15.0569489,-0.03496,6.6,400,150,416,12.8,13.1,0.04844
1833,2025-01-07,0,13.17354164,3.394504355,81.17841983,,13814102.25,14.90370083,-0.03668,6.6,400,150,416,12.8,13.1,0.04852
1834,2025-01-08,0,12.43150101,2.812141755,69.05955802,,14916748.5,14.75045277,-0.0384,6.6,400,150,416,12.8,13.1,0.0486
1835,2025-01-09,0,11.77686208,0.827723399,72.47894604,,14992088,15.20396072,-0.04012,6.6,400,150,416,12.8,13.1,0.04868
1836,2025-01-10,0,11.43414841,1.913478894,78.70877399,,14844260.5,15.04990458,-0.04184,6.6,400,150,416,12.8,13.1,0.04876
1837,2025-01-11,0,13.03404897,2.626744114,79.85745862,,11866501,14.89584843,-0.04356,6.6,400,150,416,12.8,13.1,0.04884
1838,2025-01-12,0,13.29268545,0.7227643744,87.02245205,,9499195,14.74179229,-0.04528,6.6,400,150,416,12.8,13.1,0.04892
1839,2025-01-13,0,13.51731644,2.660740495,81.14581243,,14962556,14.58773614,-0.047,6.6,400,150,416,12.8,13.1,0.049
1840,2025-01-14,0,12.8415727,0.6862431781,81.32796134,,15316520.75,14.57199454,-0.0466,6.6,400,150,416,12.8,13.1,0.0482
1841,2025-01-15,0,13.11989555,1.558112613,83.09199304,,11097019,14.55625293,-0.0462,6.6,400,150,416,12.8,13.1,0.0474
1842,2025-01-16,5.696892172,13.82693825,1.053703037,80.00877636,,12142149.75,14.54051132,-0.0458,6.6,400,150,416,12.8,13.1,0.0466
1843,2025-01-17,0,12.85472323,2.668540968,79.09333812,,15723639.25,14.52476971,-0.0454,6.6,400,150,416,12.8,13.1,0.0458
1844,2025-01-18,0,11.1509758,1.260377371,83.85655161,,12324840.75,13.77964871,-0.045,6.6,400,150,416,12.8,13.1,0.045
1845,2025-01-19,0,15.39759471,1.410371172,81.24238995,,15196631,16.32088212,-0.0446,6.6,400,150,416,12.8,13.1,0.0442
1846,2025-01-20,0,16.33469925,3.091936404,79.71105048,,15567769.25,18.01190476,-0.0442,6.6,400,150,416,12.8,13.1,0.0434
1847,2025-01-21,0,15.6803496,2.965498854,73.01705351,,15806460.5,17.88851678,-0.0438,6.6,400,150,416,12.8,13.1,0.0426
1848,2025-01-22,0,16.50440051,1.877220161,70.84464718,,15943018.75,17.76512881,-0.0434,6.6,400,150,416,12.8,13.1,0.0418
1849,2025-01-23,0,15.84133492,2.859233259,65.71686,,15301115.75,19.46701068,-0.043,6.6,400,150,416,12.8,13.1,0.041
1850,2025-01-24,0,14.85782712,3.511366992,60.04413254,,16473202,17.05571429,-0.0412,6.6,400,150,416,12.8,13.1,0.034
1851,2025-01-25,0,13.99843051,3.226271215,57.69488492,,16911509,17.26960968,-0.0394,6.6,400,150,416,12.8,13.1,0.027
1852,2025-01-26,0,13.05037969,2.546466558,63.18164982,,17130005.25,16.62948276,-0.0376,6.6,400,150,416,12.8,13.1,0.02
1853,2025-01-27,0,12.94276772,2.42160333,65.87517291,,17153379.25,16.59248244,-0.0358,6.6,400,150,416,12.8,13.1,0.013
1854,2025-01-28,0,13.51993968,0.3303173755,67.30354015,,17165285.75,17.86453682,-0.034,6.6,400,150,416,12.8,13.1,0.006
1855,2025-01-29,0,15.11848729,2.811702059,69.84056605,,16626317.75,16.30794776,-0.0356,6.6,400,150,416,12.8,13.1,0.0092
1856,2025-01-30,0,16.46560122,2.127176389,74.30334246,,16563516,17.37593286,-0.0372,6.6,400,150,416,12.8,13.1,0.0124
1857,2025-01-31,0,16.89439926,1.153062675,73.19030236,,16554444.75,17.89475936,-0.0388,6.6,400,150,416,12.8,13.1,0.0156
1858,2025-02-01,0,17.79299062,0.9424654809,74.7625242,,15886692,17.75034699,-0.0404,6.6,368,160,380,10,10.3,0.0188
1859,2025-02-02,0,16.93055178,2.883819826,69.48241856,,16782542,17.60593462,-0.042,6.6,368,160,380,10,10.3,0.022
1860,2025-02-03,0,15.97717183,1.539193428,62.70089844,,17643099.25,17.46152225,-0.0466,6.6,368,160,380,10,10.3,0.024
1861,2025-02-04,0,16.78526967,1.298713235,73.23485478,,11169804.75,17.94437158,-0.0512,6.6,368,160,380,10,10.3,0.026
1862,2025-02-05,0,15.57317441,3.306015905,59.79282409,,17885140.75,18.42722092,-0.0558,6.6,368,160,380,10,10.3,0.028
1863,2025-02-06,0.1437167339,15.32429148,4.327208937,48.06634597,,18409436.38,18.60522248,-0.0604,6.6,368,160,380,10,10.3,0.03
1864,2025-02-07,1.392335969,14.99198367,4.111980803,48.21581053,,18387516,18.90528493,-0.065,6.6,368,160,380,10,10.3,0.032
1865,2025-02-08,0,15.89333496,3.192808612,53.172519,,18084348.5,17.96906323,-0.0676,6.6,368,160,380,10,10.3,0.0412
1866,2025-02-09,0.7071310729,16.28028005,2.167162862,58.64601156,,18192205.5,19.43296643,-0.0702,6.6,368,160,380,10,10.3,0.0504
1867,2025-02-10,0.3694842998,17.14842885,1.538902792,60.49881911,,17239537.25,19.94881343,-0.0728,6.6,368,160,380,10,10.3,0.0596
1868,2025-02-11,0,18.57648176,1.580595877,60.46649906,,18194597.88,21.47059329,-0.0754,6.6,368,160,380,10,10.3,0.0688
1869,2025-02-12,0,18.00943464,3.904394912,45.94718163,,18713378.25,20.3791413,-0.078,6.6,368,160,380,10,10.3,0.078
1870,2025-02-13,0,17.47213961,4.412197203,39.48535655,,19188009.25,19.28768931,-0.0731,6.6,368,160,380,10,10.3,0.07505
1871,2025-02-14,0,17.92872391,3.5700873,42.07895246,,18683883.5,20.62937549,-0.0682,6.6,368,160,380,10,10.3,0.0721
1872,2025-02-15,0,17.66766192,1.332713836,53.76966402,,18143701.5,21.43664325,-0.0633,6.6,368,160,380,10,10.3,0.06915
1873,2025-02-16,0,18.46158371,1.266302895,58.84370623,,17212550.75,22.24391101,-0.0584,6.6,368,160,380,10,10.3,0.0662
1874,2025-02-17,0,19.14262797,1.387661996,57.06853874,,19051457.25,20.51002181,-0.0535,6.6,368,160,380,10,10.3,0.06325
1875,2025-02-18,0,18.99506594,2.271224221,53.62895745,,18356674.88,19.62177098,-0.0486,6.6,368,160,380,10,10.3,0.0603
1876,2025-02-19,0,19.33353767,0.879511183,52.33556149,,16918027.88,18.73352015,-0.0437,6.6,368,160,380,10,10.3,0.05735
1877,2025-02-20,0,18.54006602,3.079464765,70.99037087,,15349374.5,17.84526932,-0.0388,6.6,368,160,380,10,10.3,0.0544
1878,2025-02-21,0,18.52317899,1.512093569,69.08567231,,18479647.63,22.67977361,-0.0339,6.6,368,160,380,10,10.3,0.05145
1879,2025-02-22,0,17.6261898,2.960855026,66.29906996,,19199031.88,18.98381733,-0.029,6.6,368,160,380,10,10.3,0.0485
1880,2025-02-23,0,17.90354309,1.992941529,63.41239418,,20017328.63,21.79924278,-0.0265,6.6,368,160,380,10,10.3,0.04755
1881,2025-02-24,0,18.08924192,1.826712461,62.19274846,,20256719.88,22.74948478,-0.024,6.6,368,160,380,10,10.3,0.0466
1882,2025-02-25,0,19.37094905,0.9826298613,62.47535086,,17935472,22.13893052,-0.0215,6.6,368,160,380,10,10.3,0.04565
1883,2025-02-26,0.2322446508,22.02560132,1.543398696,63.63853097,,17395317.63,22.43948634,-0.019,6.6,368,160,380,10,10.3,0.0447
1884,2025-02-27,0.1802408535,20.68365377,2.503533827,63.10895983,,9724705.875,22.74004215,-0.0165,6.6,368,160,380,10,10.3,0.04375
1885,2025-02-28,9.004344205,20.12304331,2.509988654,72.8017238,,13441233.88,23.04059797,-0.014,6.6,368,160,380,10,10.3,0.0428
1886,2025-03-01,0,19.77933718,1.409144031,78.07503763,,16211803.38,23.34115379,-0.0115,7.6,272,120,384,11.6,13,0.04185
1887,2025-03-02,0,18.50643247,2.827853937,56.76811335,,21292986.88,23.6417096,-0.009,7.6,272,120,384,11.6,13,0.0409
1888,2025-03-03,0,20.23348897,0.5073873519,51.54386601,,20921961.68,23.30959407,-0.0065,7.6,272,120,384,11.6,13,0.03995
1889,2025-03-04,0,19.0790109,4.361013233,49.39247081,,21424509.54,21.81049961,-0.004,7.6,272,120,384,11.6,13,0.039
1890,2025-03-05,0,17.74226023,5.932908839,36.12567702,,22498872.72,20.81526151,-0.0128,7.6,272,120,384,11.6,13,0.0564
1891,2025-03-06,0,18.36731809,3.196255658,44.47472755,,22348559.44,22.15705699,-0.0216,7.6,272,120,384,11.6,13,0.0738
1892,2025-03-07,0,19.03391355,2.364225978,50.49006547,,22106209.31,23.17098361,-0.0304,7.6,272,120,384,11.6,13,0.0912
1893,2025-03-08,0,20.7059653,1.729974385,48.94084985,,22410204.44,24.27340359,-0.0392,7.6,272,120,384,11.6,13,0.1086
1894,2025-03-09,0,22.45831642,2.401935734,49.51762706,,21906127.13,24.20497268,-0.048,7.6,272,120,384,11.6,13,0.126
1895,2025-03-10,0,23.26650963,2.668841475,53.34953937,,21198674.81,23.85676034,-0.0574,7.6,272,120,384,11.6,13,0.128
1896,2025-03-11,0,24.42150269,1.386322556,55.62721878,,21090746.63,25.93104452,-0.0668,7.6,272,120,384,11.6,13,0.13
1897,2025-03-12,11.07427122,24.65829557,2.90803686,51.04310395,,21865890.38,26.97679157,-0.0762,7.6,272,120,384,11.6,13,0.132
1898,2025-03-13,0,23.34943161,1.403196409,60.94761528,,21365616.69,27.76368462,-0.0856,7.6,272,120,384,11.6,13,0.134
1899,2025-03-14,0,24.19860802,0.9222400951,56.92887612,,20905326.63,28.55057767,-0.095,7.6,272,120,384,11.6,13,0.136
1900,2025-03-15,0,23.96935425,2.113557628,51.53811529,,21045808.06,19.28103448,-0.0676,7.6,272,120,384,11.6,13,0.1282
1901,2025-03-16,0,22.1350736,2.369889251,52.58370221,,21400321,27.05490242,-0.0402,7.6,272,120,384,11.6,13,0.1204
1902,2025-03-17,0,21.36014455,2.867761316,47.96276332,,22068142.13,25.29494926,-0.0128,7.6,272,120,384,11.6,13,0.1126
1903,2025-03-18,0,21.90599276,2.681365281,46.32856631,,23664367.94,26.81430913,0.0146,7.6,272,120,384,11.6,13,0.1048
1904,2025-03-19,0,22.64169655,2.135532775,43.60758929,,23335683.75,29.01223263,0.042,7.6,272,120,384,11.6,13,0.097
1905,2025-03-20,0,23.78172518,2.315136472,37.628251,,22770456.96,29.09435597,0.0364,7.6,272,120,384,11.6,13,0.099
1906,2025-03-21,0,23.31684647,2.96371387,36.35292538,,23944647.13,28.25252927,0.0308,7.6,272,120,384,11.6,13,0.101
1907,2025-03-22,0,23.38213628,1.129448478,36.40297421,,22994637.38,27.94356753,0.0252,7.6,272,120,384,11.6,13,0.103
1908,2025-03-23,0,23.79051615,0.3887740115,40.789565,,24324404.88,29.0087822,0.0196,7.6,272,120,384,11.6,13,0.105
1909,2025-03-24,0,24.45168839,0.750198105,41.40648341,,24302481.25,29.34617486,0.014,7.6,272,120,384,11.6,13,0.107
1910,2025-03-25,0,26.17387924,0.5400946792,41.11890833,,24340541.88,30.07605777,0.01057,7.6,272,120,384,11.6,13,0.107
1911,2025-03-26,0,28.09380938,0.3608196788,34.46296985,,24497515.75,30.26277908,0.00714,7.6,272,120,384,11.6,13,0.107
1912,2025-03-27,0,27.71663373,2.553653325,34.27615669,,23351973.5,30.44950039,0.00371,7.6,272,120,384,11.6,13,0.107
1913,2025-03-28,0,24.32242419,4.623224223,24.32437064,,25510147.5,29.75716628,0.00029,7.6,272,120,384,11.6,13,0.107
1914,2025-03-29,0,22.5226106,4.487407157,23.23776688,,22283349.88,24.54364621,-0.00314,7.6,272,120,384,11.6,13,0.107
1915,2025-03-30,0,23.29333585,3.675657523,25.99289776,,25744156,27.41747853,-0.00657,7.6,272,120,384,11.6,13,0.107
1916,2025-03-31,0,24.83340988,3.31147809,25.81790527,,25876324.63,28.44822795,-0.01,7.6,272,120,384,11.6,13,0.107
1917,2025-04-01,0,24.90379486,3.226583284,24.82870151,,26102641.13,29.47897736,-0.006,7.1,664,210,508,16.4,12.8,0.09733
1918,2025-04-02,0,25.36257515,2.426491587,28.91581949,,26090383.5,30.26163154,-0.002,7.1,664,210,508,16.4,12.8,0.08767
1919,2025-04-03,0,27.3163976,0.9020379524,24.72113083,,25367755,31.25654176,0.002,7.1,664,210,508,16.4,12.8,0.078
1920,2025-04-04,0,27.77977905,2.736790919,26.08165414,,25661394.38,31.36558158,0.0016,7.1,664,210,508,16.4,12.8,0.0834
1921,2025-04-05,0,27.25199661,3.054301063,27.4328953,,25975967.38,31.44462139,0.0012,7.1,664,210,508,16.4,12.8,0.0888
1922,2025-04-06,0,28.70709127,1.020411801,29.74766564,,25848388.38,31.5236612,0.0008,7.1,664,210,508,16.4,12.8,0.0942
1923,2025-04-07,0,30.00412521,2.142994543,31.52242161,,25503464.25,32.12074161,0.0004,7.1,664,210,508,16.4,12.8,0.0996
1924,2025-04-08,0,30.91837781,3.100188985,31.57621749,,25388686,30.9520765,0,7.1,664,210,508,16.4,12.8,0.105
1925,2025-04-09,0,30.66631915,1.73147963,38.24428301,,24177249.13,31.20729899,-0.0178,7.1,664,210,508,16.4,12.8,0.1022
1926,2025-04-10,2.106549571,29.25269343,1.676448228,47.84402513,,22229848.25,29.57388448,-0.0356,7.1,664,210,508,16.4,12.8,0.0994
1927,2025-04-11,3.902961845,27.30294062,3.188689562,56.37537758,,22752837.63,27.94046997,-0.0534,7.1,664,210,508,16.4,12.8,0.0966
1928,2025-04-12,0,26.53742561,1.58242264,53.31255539,,24092832.25,27.01231069,-0.0712,7.1,664,210,508,16.4,12.8,0.0938
1929,2025-04-13,0,27.96085192,0.9426474597,44.29614413,,22950794.63,30.74130367,-0.089,7.1,664,210,508,16.4,12.8,0.091
1930,2025-04-14,0,29.24217504,2.53243402,38.72728253,,25627843.13,31.07508977,-0.0758,7.1,664,210,508,16.4,12.8,0.1032
1931,2025-04-15,0,30.03380547,2.488301686,38.19667629,,23298703,30.79918033,-0.0626,7.1,664,210,508,16.4,12.8,0.1154
1932,2025-04-16,0,30.76874695,2.072485588,38.09379355,,23352441.75,30.52327088,-0.0494,7.1,664,210,508,16.4,12.8,0.1276
1933,2025-04-17,0,32.08061244,0.9640310593,34.39502055,,24707410.75,30.13120219,-0.0362,7.1,664,210,508,16.4,12.8,0.1398
1934,2025-04-18,0,32.42988803,2.442631925,40.87632636,,25751487.38,30.64361436,-0.023,7.1,664,210,508,16.4,12.8,0.152
1935,2025-04-19,0,32.22634595,3.970034752,41.20947886,,24679667.25,28.07588603,0.0765,7.1,664,210,508,16.4,12.8,0.22
1936,2025-04-20,0,31.88880755,2.955541916,40.39567975,,23059958.25,26.1501444,0.176,7.1,664,210,508,16.4,12.8,0.288
1937,2025-04-21,0,31.71822446,1.750084575,19.48966166,,26359719.38,31.62798595,0.06967,7.1,664,210,508,16.4,12.8,0.263
1938,2025-04-22,0,30.86297696,3.360335298,13.76322265,,28241968.25,33.69794692,-0.03667,7.1,664,210,508,16.4,12.8,0.238
1939,2025-04-23,0,30.53498993,3.334670332,15.17035044,,28292030,34.02066354,-0.143,7.1,664,210,508,16.4,12.8,0.213
1940,2025-04-24,0,31.20865657,1.021537077,17.72742036,,27944046.13,33.73129586,-0.1182,7.1,664,210,508,16.4,12.8,0.186
1941,2025-04-25,0,31.64722214,1.636389305,16.9089406,,27891173.38,32.78375488,-0.0934,7.1,664,210,508,16.4,12.8,0.159
1942,2025-04-26,0,32.9262469,1.495641659,14.8041475,,24819648.63,33.27023419,-0.0686,7.1,664,210,508,16.4,12.8,0.132
1943,2025-04-27,0,32.43473015,0.38740364,16.74204984,,26458852.75,30.03411239,-0.0438,7.1,664,210,508,16.4,12.8,0.105
1944,2025-04-28,0,32.03888346,2.76778666,25.30822852,,26740929.25,29.60032542,-0.019,7.1,664,210,508,16.4,12.8,0.078
1945,2025-04-29,0,31.09365425,3.561745978,37.51097027,,26795567.63,29.7142963,-0.0265,7.1,664,210,508,16.4,12.8,0.07583
1946,2025-04-30,0,31.51424688,3.505589194,38.36907778,,25924549,26.82935018,-0.034,7.1,664,210,508,16.4,12.8,0.07367
1947,2025-05-01,3.222495466,31.08368581,3.883637197,40.40318358,,24795062.25,30.79729118,-0.0415,7.5,456,180,185,21.6,15.1,0.0715
1948,2025-05-02,12.6635831,29.02315992,2.829892278,48.71093818,,23956224.25,28.78365742,-0.049,7.5,456,180,185,21.6,15.1,0.06933
1949,2025-05-03,0,29.69537888,1.571290766,48.50141707,,25257899,26.77002365,-0.0565,7.5,456,180,185,21.6,15.1,0.06717
1950,2025-05-04,0,28.53731435,1.89856853,56.51263301,,23870004.63,24.75638989,-0.064,7.5,456,180,185,21.6,15.1,0.065
1951,2025-05-05,0.4130901396,27.54016202,2.418204359,59.72260029,,22244418.75,26.82754311,-0.0715,7.5,456,180,185,21.6,15.1,0.06283
1952,2025-05-06,0.1785077464,27.79982465,2.324957158,60.35463766,,23859474.38,28.89869633,-0.079,7.5,456,180,185,21.6,15.1,0.06067
1953,2025-05-07,0.005573322148,28.07132746,2.501665416,60.83371236,,22147730.25,31.02698718,-0.0865,7.5,456,180,185,21.6,15.1,0.0585
1954,2025-05-08,0.6639053101,29.31818479,2.171475045,55.41038366,,22670108,30.20989071,-0.094,7.5,456,180,185,21.6,15.1,0.05633
1955,2025-05-09,0.3427483325,29.60575829,1.682269896,55.74175297,,23491492.88,30.95590684,-0.1015,7.5,456,180,185,21.6,15.1,0.05417
1956,2025-05-10,0.123227503,29.9267657,0.2087233505,61.09660889,,22747824.88,31.70192298,-0.109,7.5,456,180,185,21.6,15.1,0.052
1957,2025-05-11,0,31.88892263,2.266433898,44.24945343,,26777610,32.44793911,-0.07967,7.5,456,180,185,21.6,15.1,0.06433
1958,2025-05-12,0,32.23741557,2.635629535,38.09510287,,26271558.88,32.15521468,-0.05033,7.5,456,180,185,21.6,15.1,0.07667
1959,2025-05-13,0,32.88029823,2.766561453,33.16477474,,26594321.63,31.86249024,-0.021,7.5,456,180,185,21.6,15.1,0.089
1960,2025-05-14,0,33.2884435,2.403415704,29.78095971,,27357059.5,31.54565964,-0.032,7.5,456,180,185,21.6,15.1,0.1454
1961,2025-05-15,0,33.56953201,1.963831751,26.46386952,,28172805,28.24228728,-0.043,7.5,456,180,185,21.6,15.1,0.2018
1962,2025-05-16,0,34.34978256,1.497796364,26.42813436,,26835984.5,33.50704918,-0.054,7.5,456,180,185,21.6,15.1,0.2582
1963,2025-05-17,1.05E-06,34.63497378,0.9884999229,31.3623456,,25108915.75,29.48825137,-0.065,7.5,456,180,185,21.6,15.1,0.3146
1964,2025-05-18,7.71E-08,34.5266599,1.218876535,38.49884758,,26689716.25,32.78539422,-0.076,7.5,456,180,185,21.6,15.1,0.371
1965,2025-05-19,0.03490355285,34.14891968,1.939866883,45.46493552,,26243283.88,27.46676712,-0.0692,7.5,456,180,185,21.6,15.1,0.323
1966,2025-05-20,0.5222050572,35.07435315,1.242710474,42.81912293,,27130605.63,25.75090253,-0.0624,7.5,456,180,185,21.6,15.1,0.275
1967,2025-05-21,11.53992017,33.20916392,2.844161991,50.09943521,,26008400.25,32.3769477,-0.0556,7.5,456,180,185,21.6,15.1,0.227
1968,2025-05-22,0,31.23512929,4.288900986,52.88157162,,24189471.75,31.11135831,-0.0488,7.5,456,180,185,21.6,15.1,0.179
1969,2025-05-23,0,32.59417496,3.853797754,50.5708968,,26151707,29.84576893,-0.042,7.5,456,180,185,21.6,15.1,0.131
1970,2025-05-24,11.53992017,32.56885173,4.698534981,54.37605203,,24571784.75,30.95107728,-0.045,7.5,456,180,185,21.6,15.1,0.1246
1971,2025-05-25,0,29.80989609,2.954450001,68.00121014,,21541474.75,28.96265561,-0.048,7.5,456,180,185,21.6,15.1,0.1182
1972,2025-05-26,0,30.07797712,2.464538419,64.33491571,,22165511.25,26.97423394,-0.051,7.5,456,180,185,21.6,15.1,0.1118
1973,2025-05-27,0,31.6183665,2.565104558,59.32086505,,22963763.25,24.98581227,-0.054,7.5,456,180,185,21.6,15.1,0.1054
1974,2025-05-28,0,32.91996918,1.508170684,55.76928566,,24967623.25,30.0330445,-0.057,7.5,456,180,185,21.6,15.1,0.099
1975,2025-05-29,0,33.17303937,0.6898161314,54.11616408,,21696859.13,29.97352849,-0.0556,7.5,456,180,185,21.6,15.1,0.1018
1976,2025-05-30,0,32.00727297,0.9745353627,50.49382629,,23292630.75,29.91401249,-0.0542,7.5,456,180,185,21.6,15.1,0.1046
1977,2025-05-31,0,33.37665647,0.5513104169,40.97752049,,24967807.25,29.85449649,-0.0528,7.5,456,180,185,21.6,15.1,0.1074
1978,2025-06-01,0,31.42938131,3.004401586,48.24614565,,21577155,29.03727557,-0.0514,7.4,344,140,540,13.6,13.8,0.1102
1979,2025-06-02,0,30.81996371,1.21283778,50.18957585,,23909889.38,28.22005464,-0.05,7.4,344,140,540,13.6,13.8,0.113
1980,2025-06-03,0,29.27299525,0.582059392,57.53379562,,23130679.25,28.84488941,-0.0588,7.4,344,140,540,13.6,13.8,0.1302
1981,2025-06-04,0,27.86338259,0.2711219238,63.78223987,,21352985,29.46972417,-0.0676,7.4,344,140,540,13.6,13.8,0.1474
1982,2025-06-05,0,29.73334147,0.2477581382,54.23988937,,24076953.5,30.09455894,-0.0764,7.4,344,140,540,13.6,13.8,0.1646
1983,2025-06-06,0,31.19418996,0.4326306635,48.43388321,,23555421.75,32.3102498,-0.0852,7.4,344,140,540,13.6,13.8,0.1818
1984,2025-06-07,0,33.12494367,0.5137023604,45.61534599,,26195053.75,34.52594067,-0.094,7.4,344,140,540,13.6,13.8,0.199
1985,2025-06-08,0,34.63456561,0.8334864434,43.19022883,,25891168.75,32.86339578,-0.0846,7.4,344,140,540,13.6,13.8,0.1802
1986,2025-06-09,0,35.40984116,2.263688696,36.85266607,,27115537.75,33.3971975,-0.0752,7.4,344,140,540,13.6,13.8,0.1614
1987,2025-06-10,0,35.59936676,1.700220186,29.10550155,,27606018.5,35.19302888,-0.0658,7.4,344,140,540,13.6,13.8,0.1426
1988,2025-06-11,0,35.85481033,1.367999235,38.90497965,,26976545.25,33.48765808,-0.0564,7.4,344,140,540,13.6,13.8,0.1238
1989,2025-06-12,0.4649289716,36.58096911,2.620227462,42.44226444,,25364128,31.78228728,-0.047,7.4,344,140,540,13.6,13.8,0.105
1990,2025-06-13,0.04825519708,35.12052244,3.74651555,53.08536565,,23365832.75,30.43661983,-0.04683,7.4,344,140,540,13.6,13.8,0.10441
1991,2025-06-14,0.350569635,36.06872775,1.775854872,45.72448203,,24980964,29.23512635,-0.04666,7.4,344,140,540,13.6,13.8,0.10382
1992,2025-06-15,10.05092438,33.05676041,2.071349065,60.91116451,,21267781,28.92601228,-0.04649,7.4,344,140,540,13.6,13.8,0.10323
1993,2025-06-16,0,29.98535817,2.912878396,73.35457633,,13271846.75,28.61689822,-0.04633,7.4,344,140,540,13.6,13.8,0.10264
1994,2025-06-17,38.21147323,29.20339355,1.402485204,80.246793,,14076025,28.30778415,-0.04616,7.4,344,140,540,13.6,13.8,0.10205
1995,2025-06-18,0,28.74500682,1.714852732,79.41361509,,14246609,27.99867008,-0.04599,7.4,344,140,540,13.6,13.8,0.10146
1996,2025-06-19,0,28.98151677,1.931734391,80.76012426,,15404072.75,27.68955601,-0.04582,7.4,344,140,540,13.6,13.8,0.10087
1997,2025-06-20,0,28.69156736,3.189491052,81.21737336,,12520310.25,27.38044194,-0.04565,7.4,344,140,540,13.6,13.8,0.10028
1998,2025-06-21,0,30.15904388,1.502592301,76.48839565,,19227072.5,27.07132787,-0.04548,7.4,344,140,540,13.6,13.8,0.09969
1999,2025-06-22,17.44961764,30.99300474,1.116591381,74.03087066,,19925426.25,27.00713501,-0.04532,7.4,344,140,540,13.6,13.8,0.09911
2000,2025-06-23,0,29.98692029,1.957252322,77.06179941,,17119920.75,26.94294216,-0.04515,7.4,344,140,540,13.6,13.8,0.09852
2001,2025-06-24,0,30.48770739,1.598691266,77.17069574,,20090919.5,26.8787493,-0.04498,7.4,344,140,540,13.6,13.8,0.09793
2002,2025-06-25,17.44961764,29.40324237,3.055001534,80.99857311,,12194049,26.81455644,-0.04481,7.4,344,140,540,13.6,13.8,0.09734
2003,2025-06-26,0,30.88310839,3.395097718,70.75587276,,19160636.25,26.75036359,-0.04464,7.4,344,140,540,13.6,13.8,0.09675
2004,2025-06-27,0,30.79132106,2.658306937,71.74993119,,18682983,26.68617073,-0.04447,7.4,344,140,540,13.6,13.8,0.09616
2005,2025-06-28,9.576399724,29.80411301,1.451517193,79.80827642,,18727560.25,26.62197787,-0.04431,7.4,344,140,540,13.6,13.8,0.09557
2006,2025-06-29,44.75349394,28.60814565,1.152300813,84.2772747,,10681089.5,26.55778502,-0.04414,7.4,344,140,540,13.6,13.8,0.09498
2007,2025-06-30,0,27.83678716,0.8577398806,85.16084562,,10670006.5,26.49359216,-0.04397,7.4,344,140,540,13.6,13.8,0.09439
2008,2025-07-01,14.09450116,28.94032186,1.442867478,77.19775526,,14703339,26.4293993,-0.0438,7.6,424,210,175,12,7.3,0.0938
2009,2025-07-02,0.2776023196,29.60797017,2.663885832,78.35481022,,18421600.5,26.36520645,-0.04363,7.6,424,210,175,12,7.3,0.09321
2010,2025-07-03,0.03767545576,29.66142108,2.688499675,78.07388038,,16666025.5,26.31882286,-0.04346,7.6,424,210,175,12,7.3,0.09262
2011,2025-07-04,2.116073941,29.65777677,1.221883484,80.35503835,,17307717,26.27243927,-0.04329,7.6,424,210,175,12,7.3,0.09203
2012,2025-07-05,13.13436083,30.04939613,0.722142617,77.33562949,,18640939.5,26.22605568,-0.04313,7.6,424,210,175,12,7.3,0.09144
2013,2025-07-06,13.12404499,28.85986036,0.8310712533,84.36092749,,15801528.5,26.1796721,-0.04296,7.6,424,210,175,12,7.3,0.09085
2014,2025-07-07,10.20763572,28.53320338,0.5178875461,84.88548789,,12668723,26.13328851,-0.04279,7.6,424,210,175,12,7.3,0.09026
2015,2025-07-08,13.12404499,29.74381727,0.6772596952,79.14572338,,18717193.75,26.08690492,-0.04262,7.6,424,210,175,12,7.3,0.08967
2016,2025-07-09,27.87886373,28.718433,0.1526252467,84.44085068,,15773066.88,26.04052134,-0.04245,7.6,424,210,175,12,7.3,0.08908
2017,2025-07-10,0,26.80567385,1.307616093,91.4028418,,7666907.25,25.99413775,-0.04228,7.6,424,210,175,12,7.3,0.08849
2018,2025-07-11,8.934356511,28.41099192,0.415594892,84.32710864,,16598328.88,25.94775416,-0.04212,7.6,424,210,175,12,7.3,0.08791
2019,2025-07-12,16.34756374,29.05994504,0.2680947886,83.07389587,,20319157.5,25.90137058,-0.04195,7.6,424,210,175,12,7.3,0.08732
2020,2025-07-13,16.34756374,28.0872214,2.304094098,85.35751939,,15060916.5,25.85498699,-0.04178,7.6,424,210,175,12,7.3,0.08673
2021,2025-07-14,0,27.59952952,4.716072538,84.28454085,,14757839.63,25.8086034,-0.04161,7.6,424,210,175,12,7.3,0.08614
2022,2025-07-15,8.173781872,28.22832451,4.139280028,81.67070102,,16492793.5,25.76221982,-0.04144,7.6,424,210,175,12,7.3,0.08555
2023,2025-07-16,5.903402776,28.2211071,2.597079545,85.43531535,,14378284.13,25.71583623,-0.04127,7.6,424,210,175,12,7.3,0.08496
2024,2025-07-17,5.903402776,26.98236936,1.545180726,88.3011496,,6382195.625,25.66945264,-0.04111,7.6,424,210,175,12,7.3,0.08437
2025,2025-07-18,5.903402776,28.82455088,5.035853277,74.71607847,,17893661.5,25.62306905,-0.04094,7.6,424,210,175,12,7.3,0.08378
2026,2025-07-19,0,28.64699262,2.850894422,74.22684267,,18396231.63,25.57668547,-0.04077,7.6,424,210,175,12,7.3,0.08319
2027,2025-07-20,5.903402776,29.08952738,2.142627577,72.68085256,,19265375.13,25.53030188,-0.0406,7.6,424,210,175,12,7.3,0.0826
2028,2025-07-21,13.36629138,27.47384796,1.223150904,87.35165768,,6977574.625,25.48391829,-0.04043,7.6,424,210,175,12,7.3,0.08201
2029,2025-07-22,0,28.78231646,1.263231196,82.46537029,,14184331,25.43753471,-0.04026,7.6,424,210,175,12,7.3,0.08142
2030,2025-07-23,8.195864568,27.36364136,1.613462836,90.1634734,,6544240.125,25.39115112,-0.04009,7.6,424,210,175,12,7.3,0.08083
2031,2025-07-24,0,29.93275731,2.430418199,75.79650601,,20747024.25,25.34476753,-0.03993,7.6,424,210,175,12,7.3,0.08024
2032,2025-07-25,5.433795333,30.4888766,1.605729775,76.63350391,,21152596.75,25.33073066,-0.03976,7.6,424,210,175,12,7.3,0.07965
2033,2025-07-26,0,30.17816505,0.2744507723,78.98659032,,16459292.75,25.3166938,-0.03959,7.6,424,210,175,12,7.3,0.07906
2034,2025-07-27,0,30.04648043,1.702611144,78.04083156,,17758833,25.30265693,-0.03942,7.6,424,210,175,12,7.3,0.07847
2035,2025-07-28,0,29.87256076,0.4730131766,80.21110425,,19747189,25.28862006,-0.03925,7.6,424,210,175,12,7.3,0.07788
2036,2025-07-29,0,27.72594414,1.196792682,88.77494652,,10668744.38,25.27458319,-0.03908,7.6,424,210,175,12,7.3,0.07729
2037,2025-07-30,0,27.33109309,2.32712631,89.64081849,,8324482.5,25.26054632,-0.03892,7.6,424,210,175,12,7.3,0.07671
2038,2025-07-31,57.36942609,26.47938182,2.172107266,93.16927562,,6040857.125,25.24650945,-0.03875,7.6,424,210,175,12,7.3,0.07612
2039,2025-08-01,0,27.64140345,1.667860719,84.15452319,,9596409.25,25.23247258,-0.03858,7.3,580,216,540,40.8,60,0.07553
2040,2025-08-02,14.9852217,28.15424627,2.551417584,82.80584036,,13256732.88,25.21843571,-0.03841,7.3,580,216,540,40.8,60,0.07494
2041,2025-08-03,44.95566646,28.67536761,2.386159919,81.92943681,,12785424.13,25.20439884,-0.03824,7.3,580,216,540,40.8,60,0.07435
2042,2025-08-04,14.9852217,27.64277802,1.473964074,86.09808482,,8567284.625,25.19036197,-0.03807,7.3,580,216,540,40.8,60,0.07376
2043,2025-08-05,0,27.84333445,1.712040565,83.21700465,,10306927.63,25.1763251,-0.03791,7.3,580,216,540,40.8,60,0.07317
2044,2025-08-06,0,28.59720383,2.132468645,77.53681902,,18134049.88,25.16228824,-0.03774,7.3,580,216,540,40.8,60,0.07258
2045,2025-08-07,0,29.40072912,3.178679175,70.7220512,,20783992.63,25.14825137,-0.03757,7.3,580,216,540,40.8,60,0.07199
2046,2025-08-08,4.550807118,29.36210403,1.371850847,75.47812084,,17987487.38,25.40199595,-0.0374,7.3,580,216,540,40.8,60,0.0714
2047,2025-08-09,34.67521675,26.06240044,1.96704202,91.2271538,,3574638,25.65574053,-0.03723,7.3,580,216,540,40.8,60,0.07081
2048,2025-08-10,0,28.28694115,1.82136995,78.82925097,,12811800.5,25.90948511,-0.03706,7.3,580,216,540,40.8,60,0.07022
2049,2025-08-11,23.30940028,28.60513649,1.36229817,81.6189216,,11877584.5,26.16322969,-0.03689,7.3,580,216,540,40.8,60,0.06963
2050,2025-08-12,1.04001234,28.44166908,2.191995108,79.66467381,,18081580.88,26.41697427,-0.03673,7.3,580,216,540,40.8,60,0.06904
2051,2025-08-13,23.30940028,29.3291247,1.512557285,76.59565153,,16686893.5,26.67071886,-0.03656,7.3,580,216,540,40.8,60,0.06845
2052,2025-08-14,23.30940028,26.96605199,1.160772138,91.38113179,,7549311.625,26.92446344,-0.03639,7.3,580,216,540,40.8,60,0.06786
2053,2025-08-15,0,27.94182866,1.503162985,88.8948088,,14140520.87,27.17820802,-0.03622,7.3,580,216,540,40.8,60,0.06727
2054,2025-08-16,0,29.15409877,1.743389254,82.61910875,,16800615.63,27.4319526,-0.03605,7.3,580,216,540,40.8,60,0.06668
2055,2025-08-17,17.05990577,28.98384374,2.46811036,83.72753325,,16176889.37,27.68569718,-0.03588,7.3,580,216,540,40.8,60,0.06609
2056,2025-08-18,0,28.95566775,2.911440089,82.43675784,,16822278.25,27.93944176,-0.03572,7.3,580,216,540,40.8,60,0.06551
2057,2025-08-19,5.686635166,29.74695676,2.645656561,77.15799561,,20400239.25,28.19318634,-0.03555,7.3,580,216,540,40.8,60,0.06492
2058,2025-08-20,0,28.93539581,3.009253102,79.27828186,,19867428.38,26.94883751,-0.03538,7.3,580,216,540,40.8,60,0.06433
2059,2025-08-21,0,28.49437548,2.211530187,82.87272594,,18851098,25.70448868,-0.03521,7.3,580,216,540,40.8,60,0.06374
2060,2025-08-22,7.066266219,27.87979914,1.341107176,84.9351479,,12710698.38,24.10632579,-0.03504,7.3,580,216,540,40.8,60,0.06315
2061,2025-08-23,14.13253244,27.50077845,1.964460403,86.86342746,,12960044.88,22.50816289,-0.03487,7.3,580,216,540,40.8,60,0.06256
2062,2025-08-24,0,27.59343872,2.402702563,86.9557356,,14834946.38,20.91,-0.03471,7.3,580,216,540,40.8,60,0.06197
2063,2025-08-25,7.629251858,25.96606407,3.910132215,91.79900669,,5592342.75,21.40005168,-0.03454,7.3,580,216,540,40.8,60,0.06138
2064,2025-08-26,0,27.30374489,3.358529934,88.8460286,,12180311,21.89010336,-0.03437,7.3,580,216,540,40.8,60,0.06079
2065,2025-08-27,18.55398665,28.28277995,1.439540677,85.681691,,15823284.88,22.38015504,-0.0342,7.3,580,216,540,40.8,60,0.0602
2066,2025-08-28,0,28.22944476,1.955882413,85.0266616,,15170285.88,22.87020672,-0.03403,7.3,580,216,540,40.8,60,0.05961
2067,2025-08-29,34.31251605,26.98975398,3.024762977,89.23854192,,12042838,23.3602584,-0.03386,7.3,580,216,540,40.8,60,0.05902
2068,2025-08-30,0,27.47917964,2.564540362,87.30306581,,13089553.63,23.85031008,-0.03369,7.3,580,216,540,40.8,60,0.05843
2069,2025-08-31,25.56899091,25.80716286,2.138261091,93.03484914,,6070950.125,24.34036176,-0.03353,7.3,580,216,540,40.8,60,0.05784
2070,2025-09-01,29.0934873,25.19279633,3.281956325,94.83453789,,6218739.125,24.83041344,-0.03336,6.6,424,190,144,16.8,5.4,0.05725
2071,2025-09-02,0,25.34982643,3.374099428,94.30989386,,6185652.875,25.32046512,-0.03319,6.6,424,190,144,16.8,5.4,0.05666
2072,2025-09-03,46.6195999,26.40573845,1.768978097,90.51920839,,11323786.25,25.8105168,-0.03302,6.6,424,190,144,16.8,5.4,0.05607
2073,2025-09-04,29.0934873,27.80704969,1.929260162,82.95528389,,18373436,26.30056848,-0.03285,6.6,424,190,144,16.8,5.4,0.05548
2074,2025-09-05,0,27.40387942,3.773534471,84.69985098,,13612044.88,26.79062016,-0.03268,6.6,424,190,144,16.8,5.4,0.05489
2075,2025-09-06,0,27.60403722,3.192562715,86.5965097,,12647504.38,27.21974828,-0.03252,6.6,424,190,144,16.8,5.4,0.05431
2076,2025-09-07,39.45698857,27.67513682,2.221901713,85.9527617,,15969687,27.6488764,-0.03235,6.6,424,190,144,16.8,5.4,0.05372
2077,2025-09-08,0,27.93609263,0.7260816033,83.99705831,,18019515.63,28.005431,-0.03218,6.6,424,190,144,16.8,5.4,0.05313
2078,2025-09-09,0,28.67774798,3.008781051,75.63503618,,19053931.75,28.3619856,-0.03201,6.6,424,190,144,16.8,5.4,0.05254
2079,2025-09-10,0,28.48286209,4.67968244,71.85534184,,20428491.5,28.7185402,-0.03184,6.6,424,190,144,16.8,5.4,0.05195
2080,2025-09-11,0,27.78740527,3.650914403,72.80219815,,19584618.13,28.47648712,-0.03167,6.6,424,190,144,16.8,5.4,0.05136
2081,2025-09-12,0,27.81694946,2.591939356,75.21447223,,18618748.75,28.23443404,-0.03151,6.6,424,190,144,16.8,5.4,0.05077
2082,2025-09-13,0,28.11508776,1.820634323,77.37071541,,16451150.38,28.88961488,-0.03134,6.6,424,190,144,16.8,5.4,0.05018
2083,2025-09-14,0,28.7934363,2.18619213,73.61190564,,19052720.25,29.54479573,-0.03117,6.6,424,190,144,16.8,5.4,0.04959
2084,2025-09-15,0,28.79021034,2.03148406,71.73489505,,20062715.63,30.19997658,-0.031,6.6,424,190,144,16.8,5.4,0.049
2085,2025-09-16,0,28.17439677,0.6279560439,78.05787705,,19397474.75,29.61648712,-0.0268,6.6,424,190,144,16.8,5.4,0.0442
2086,2025-09-17,0,28.01181183,0.4631991326,82.35015837,,18470108.75,29.03299766,-0.0226,6.6,424,190,144,16.8,5.4,0.0394
2087,2025-09-18,8.737451077,28.40914497,0.4211673825,82.19256169,,17704274.25,29.3284179,-0.0184,6.6,424,190,144,16.8,5.4,0.0346
2088,2025-09-19,0,28.55476278,0.696771111,78.98517467,,18021483.63,29.62383815,-0.0142,6.6,424,190,144,16.8,5.4,0.0298
2089,2025-09-20,0,28.41269519,2.525028627,71.53643579,,19629186.13,29.91925839,-0.01,6.6,424,190,144,16.8,5.4,0.025
2090,2025-09-21,0,28.1658315,2.398332032,69.98475368,,20467754.25,30.35083528,-0.0132,6.6,424,190,144,16.8,5.4,0.0392
2091,2025-09-22,0,28.42863617,2.695375437,65.67561298,,19384141.07,30.78241218,-0.0164,6.6,424,190,144,16.8,5.4,0.0534
2092,2025-09-23,0,27.94748586,2.914371324,63.27050901,,21130526.8,30.24736144,-0.0196,6.6,424,190,144,16.8,5.4,0.0676
2093,2025-09-24,0,27.36733462,2.88513508,63.37232063,,21374895.31,30.57413739,-0.0228,6.6,424,190,144,16.8,5.4,0.0818
2094,2025-09-25,0,27.71447525,2.58638453,65.70188595,,21099145.75,30.52884465,-0.026,6.6,424,190,144,16.8,5.4,0.096
2095,2025-09-26,0,28.10814883,2.554921334,66.32484975,,21253776.56,28.57701015,-0.034,6.6,424,190,144,16.8,5.4,0.1075
2096,2025-09-27,0,29.26402308,1.264735988,70.54785481,,20315546.5,31.58119438,-0.042,6.6,424,190,144,16.8,5.4,0.119
2097,2025-09-28,0,29.82255707,2.753715347,70.64888732,,17774845.63,29.27459016,-0.046,6.6,424,190,144,16.8,5.4,0.1155
2098,2025-09-29,0,29.27801984,1.621593384,74.19115921,,17738859.31,29.37001561,-0.05,6.6,424,190,144,16.8,5.4,0.112
2099,2025-09-30,34.83835761,27.93835983,0.7630401556,79.75140944,,16123668.56,29.16100703,-0.054,6.6,424,190,144,16.8,5.4,0.1085
2100,2025-10-01,0,27.54106738,0.6663925589,75.7987647,,15202644.75,28.95199844,-0.058,7.6,504,220,196,18.8,4,0.105
2101,2025-10-02,45.16890502,26.2915919,2.043686988,84.3216195,,14832952.5,28.74298985,-0.062,7.6,504,220,196,18.8,4,0.1015
2102,2025-10-03,0,26.94109751,1.060906183,79.95993935,,16002624.5,30.01810198,-0.066,7.6,504,220,196,18.8,4,0.098
2103,2025-10-04,0,27.38674952,2.55187621,70.79593687,,18376856.31,29.03410617,-0.07,7.6,504,220,196,18.8,4,0.0945
2104,2025-10-05,0,27.51191228,1.78845939,72.03252517,,18368649.19,28.00494351,-0.074,7.6,504,220,196,18.8,4,0.091
2105,2025-10-06,1.792715284,23.88972054,0.7680741222,88.93655607,,9475941.125,26.97578084,-0.0574,7.6,504,220,196,18.8,4,0.0912
2106,2025-10-07,2.546630705,22.73374964,0.6233643122,87.97736255,,10378904.61,25.94661818,-0.0408,7.6,504,220,196,18.8,4,0.0914
2107,2025-10-08,0.4890873693,22.89410744,1.838140627,84.06860551,,14643473.32,25.39656826,-0.0242,7.6,504,220,196,18.8,4,0.0916
2108,2025-10-09,0.03414083179,23.12329763,2.559322307,72.19770878,,18466019.93,24.84651835,-0.0076,7.6,504,220,196,18.8,4,0.0918
2109,2025-10-10,5.54E-07,22.47480545,1.800067538,72.3105496,,18917062.5,26.1417096,0.009,7.6,504,220,196,18.8,4,0.092
2110,2025-10-11,0,22.94472847,1.922987276,70.59021358,,18175216.5,26.56192818,-0.0008,7.6,504,220,196,18.8,4,0.097
2111,2025-10-12,0,23.19482193,2.236296584,69.83278132,,19549711.38,26.98214676,-0.0106,7.6,504,220,196,18.8,4,0.102
2112,2025-10-13,0,23.29502004,1.446835302,69.61781907,,19377880.88,26.80103825,-0.0204,7.6,504,220,196,18.8,4,0.107
2113,2025-10-14,0,23.69338442,0.4285314247,64.37478869,,19541029.5,27.39992974,-0.0302,7.6,504,220,196,18.8,4,0.112
2114,2025-10-15,0,23.66202507,0.7783427238,63.60329182,,18935746,27.28200625,-0.04,7.6,504,220,196,18.8,4,0.117
2115,2025-10-16,0,23.79534556,0.9001726707,64.05683585,,19259982.13,27.03437158,-0.021,7.6,504,220,196,18.8,4,0.1195
2116,2025-10-17,0,24.28414879,1.165147788,72.07591421,,18736957.75,26.78673692,-0.002,7.6,504,220,196,18.8,4,0.122
2117,2025-10-18,0,24.669465,0.4782282684,72.11325913,,17111401.38,27.50241218,-0.01267,7.6,504,220,196,18.8,4,0.123
2118,2025-10-19,0,24.77497508,0.7733159072,70.51555472,,16369568.63,26.85254489,-0.02333,7.6,504,220,196,18.8,4,0.124
2119,2025-10-20,0,25.67398478,0.6216568898,65.14944968,,17099369.75,27.69910226,-0.034,7.6,504,220,196,18.8,4,0.125
2120,2025-10-21,0,24.56733729,0.3009988556,77.66651826,,13851598.75,27.03345824,-0.0304,7.6,504,220,196,18.8,4,0.1174
2121,2025-10-22,0,24.45705566,1.432222105,67.64540819,,16404819.25,26.36781421,-0.0268,7.6,504,220,196,18.8,4,0.1098
2122,2025-10-23,0,23.73027,1.569678309,60.74787402,,18335996.75,25.9226776,-0.0232,7.6,504,220,196,18.8,4,0.1022
2123,2025-10-24,0,23.87247238,0.6971885166,60.00235492,,18067818.38,25.76044496,-0.0196,7.6,504,220,196,18.8,4,0.0946
2124,2025-10-25,0,24.23393593,0.1388791062,55.37052757,,17756245.5,26.1024434,-0.016,7.6,504,220,196,18.8,4,0.087
2125,2025-10-26,0,24.14967626,0.3073934146,56.36394833,,18151476.25,25.68380172,-0.02067,7.6,504,220,196,18.8,4,0.08017
2126,2025-10-27,0,23.20976855,0.8919506895,71.06784052,,11843112,22.11,-0.02533,7.6,504,220,196,18.8,4,0.07333
2127,2025-10-28,15.02549052,21.52171288,1.358020327,75.15656944,,11467245,22.58247151,-0.03,7.6,504,220,196,18.8,4,0.0665
2128,2025-10-29,0,23.59847285,0.932285905,72.1082907,,16101092.5,23.05494301,-0.03467,7.6,504,220,196,18.8,4,0.05967
2129,2025-10-30,0,22.99821116,1.115343921,82.92481649,,6812355.25,23.52741452,-0.03933,7.6,504,220,196,18.8,4,0.05283
2130,2025-10-31,0,23.7668822,1.179657845,76.08494953,,13054233.75,23.99988603,-0.044,7.6,504,220,196,18.8,4,0.046
2131,2025-11-01,0,23.56714592,2.091564045,63.07821493,,16404519,24.47235753,-0.04867,7.8,480,190,256,16.4,3.6,0.03917
2132,2025-11-02,0,22.86030858,2.886414771,56.30759641,,17134220.75,24.96108509,-0.05333,7.8,480,190,256,16.4,3.6,0.03233
2133,2025-11-03,0,22.26362317,1.770122466,53.22461877,,17447062.75,22.57104606,-0.058,7.8,480,190,256,16.4,3.6,0.0255
2134,2025-11-04,0,21.50454419,2.115754532,63.92126856,,13569156,23.61395349,-0.06267,7.8,480,190,256,16.4,3.6,0.01867
2135,2025-11-05,0,22.61719856,1.788992747,61.85490086,,16376678.25,24.06369243,-0.06733,7.8,480,190,256,16.4,3.6,0.01183
2136,2025-11-06,0,19.53573252,3.076574633,43.26246383,,17630049.75,22.60542545,-0.072,7.8,480,190,256,16.4,3.6,0.005
2137,2025-11-07,0,19.22404251,2.831215664,48.16949562,,17225814,22.30537861,-0.07933,7.8,480,190,256,16.4,3.6,0.054
2138,2025-11-08,0,18.61496506,2.559954731,46.75348651,,17417209,20.83229508,-0.08667,7.8,480,190,256,16.4,3.6,0.103
2139,2025-11-09,0,18.67138761,2.680373716,50.15656418,,17159022.75,21.1332943,-0.094,7.8,480,190,256,16.4,3.6,0.152
2140,2025-11-10,0,18.40268987,2.025364715,52.92631103,,16966637.25,20.29,-0.089,7.8,480,190,256,16.4,3.6,0.132
2141,2025-11-11,0,18.47484296,2.748376947,50.569625,,16855037.25,20.07078064,-0.084,7.8,480,190,256,16.4,3.6,0.112
2142,2025-11-12,0,18.64636256,2.932730439,53.12139862,,16740581.5,20.74870414,-0.079,7.8,480,190,256,16.4,3.6,0.092
2143,2025-11-13,0,18.26963832,2.67408956,52.92068032,,16588146.5,19.05086432,-0.074,7.8,480,190,256,16.4,3.6,0.072
2144,2025-11-14,0,17.36823997,2.356374768,56.73849952,,16516412.75,19.46537861,-0.069,7.8,480,190,256,16.4,3.6,0.052
2145,2025-11-15,0,17.72776248,2.600772881,56.66619406,,16449595,19.5270726,-0.0646,7.8,480,190,256,16.4,3.6,0.0544
2146,2025-11-16,0,17.51687711,2.659324007,56.45350945,,16396492,19.58876659,-0.0602,7.8,480,190,256,16.4,3.6,0.0568
2147,2025-11-17,0,17.97929153,1.309266338,59.28964726,,16068036,20.53674569,-0.0558,7.8,480,190,256,16.4,3.6,0.0592
2148,2025-11-18,0,17.86334953,1.790850144,66.44243595,,15705351.25,18.34035129,-0.0514,7.8,480,190,256,16.4,3.6,0.0616
2149,2025-11-19,0,18.75885925,0.5679442746,68.72819821,,15453883.25,20.29156128,-0.047,7.8,480,190,256,16.4,3.6,0.064
2150,2025-11-20,0,19.45739899,0.2816660753,68.71237827,,15308663.25,20.09088212,-0.0354,7.8,480,190,256,16.4,3.6,0.0594
2151,2025-11-21,0.09134174519,19.29182205,0.5869075156,70.20560762,,14938606.25,19.89020297,-0.0238,7.8,480,190,256,16.4,3.6,0.0548
2152,2025-11-22,0,18.77139371,0.8637550959,66.70830491,,14982085.5,20.49534447,-0.0122,7.8,480,190,256,16.4,3.6,0.0502
2153,2025-11-23,0,17.77043368,1.560890816,68.22698046,,15162247.75,18.46181889,-0.0006,7.8,480,190,256,16.4,3.6,0.0456
2154,2025-11-24,1.089060473,17.22399864,1.556168855,68.0073425,,15145315.5,19.3520765,0.011,7.8,480,190,256,16.4,3.6,0.041
2155,2025-11-25,0,16.42919057,2.137761238,62.90171711,,15266222.25,16.28327088,-0.005,7.8,480,190,256,16.4,3.6,0.0775
2156,2025-11-26,0,16.53859736,1.270485319,62.79065296,,15224951.5,18.05590164,-0.021,7.8,480,190,256,16.4,3.6,0.114
2157,2025-11-27,0.04843888595,15.57569466,1.413258526,65.20084772,,15195461,19.29623853,-0.03067,7.8,480,190,256,16.4,3.6,0.10267
2158,2025-11-28,0,17.02206828,2.54419938,59.13584917,,14638049.75,18.31429352,-0.04033,7.8,480,190,256,16.4,3.6,0.09133
2159,2025-11-29,0,17.3498525,2.871236934,52.42120106,,14539252.25,19.02131928,-0.05,7.8,480,190,256,16.4,3.6,0.08
2160,2025-11-30,1.69934169,15.51839155,2.836796699,48.39247174,,14253517.5,18.1886573,-0.0494,7.8,480,190,256,16.4,3.6,0.0734
2161,2025-12-01,0,14.94106827,0.8863667503,56.06569953,,15186371.75,17.35599532,-0.0488,7.8,480,190,256,16.4,3.6,0.0668
2162,2025-12-02,0,16.37439372,1.516405381,60.09004125,,14384407.5,19.1629588,-0.0482,7.8,480,190,256,16.4,3.6,0.0602
2163,2025-12-03,0,14.67295736,2.50539272,57.58014019,,15084129.5,16.84083528,-0.0476,7.8,480,190,256,16.4,3.6,0.0536
2164,2025-12-04,0,14.35926654,2.782985164,56.1065287,,14958846.5,16.68456674,-0.047,7.8,480,190,256,16.4,3.6,0.047
2165,2025-12-05,0,14.51652107,2.30465041,62.79951055,,14718048,15.13473438,-0.0464,7.8,480,190,256,16.4,3.6,0.0404
2166,2025-12-06,0,16.13303464,3.32763619,52.01938218,,14369250,16.0434114,-0.0458,7.8,480,190,256,16.4,3.6,0.0338
2167,2025-12-07,0,16.59862607,3.188484514,53.32944839,,14409161.75,17.0920765,-0.0452,7.8,480,190,256,16.4,3.6,0.0272
2168,2025-12-08,0,17.1806071,3.539594784,50.84813381,,14466979.5,16.6073146,-0.0446,7.8,480,190,256,16.4,3.6,0.0206
2169,2025-12-09,0,16.55940081,3.358643664,50.84225657,,14688788.25,16.19745511,-0.044,7.8,480,190,256,16.4,3.6,0.014
2170,2025-12-10,3.186344758,16.04727643,2.411158252,59.27836514,,14444960.25,15.78759563,0.034,7.8,480,190,256,16.4,3.6,0.003
2171,2025-12-11,0.2925721556,15.76242472,2.125132163,64.59616086,,14275909,17.17337237,0.112,7.8,480,190,256,16.4,3.6,-0.008
2172,2025-12-12,0,15.8570413,0.4531296951,70.71170918,,14138557.75,18.72889149,0.19,7.8,480,190,256,16.4,3.6,-0.019
2173,2025-12-13,0,16.60908788,1.321464296,71.96779231,,13841664.25,16.01471507,0.268,7.8,480,190,256,16.4,3.6,-0.03
2174,2025-12-14,0,16.77612203,0.3912784448,73.29756674,,13406876.25,17.31,0.346,7.8,480,190,256,16.4,3.6,-0.041
2175,2025-12-15,0,16.45369809,2.409119781,70.97512445,,14212374,16.93747853,0.424,7.8,480,190,256,16.4,3.6,-0.052
2176,2025-12-16,0,16.56757126,3.223076486,68.24315922,,14250022.5,16.56495706,0.502,7.8,480,190,256,16.4,3.6,-0.063
2177,2025-12-17,0,16.30745023,2.716081199,68.21926703,,14194777.75,17.71797814,0.43288,7.8,480,190,256,16.4,3.6,-0.05412
2178,2025-12-18,0,15.28553289,1.788903558,77.90501932,,13342228.5,16.28291557,0.36375,7.8,480,190,256,16.4,3.6,-0.04525
2179,2025-12-19,0,15.250582,2.332101095,71.99501003,,13890053.75,14.847853,0.29462,7.8,480,190,256,16.4,3.6,-0.03637
2180,2025-12-20,0,13.90884107,0.9772598739,79.23887419,,13359419.25,15.03010716,0.2255,7.8,480,190,256,16.4,3.6,-0.0275